{"stat.useItem.minecraft.bow":26,"stat.leaveGame":1,"stat.useItem.harvestcraft.amaranthitem":3,"stat.pickup.tombstone.familiar_stone":4,"stat.pickup.ebwizardry.spell_book":4,"stat.killEntity.PigZombie":1,"stat.pickup.zawa.worm":3,"stat.craftItem.minecraft.shield":4,"stat.drop.biomesoplenty.berries":1,"stat.useItem.midnight.nightstone_axe":28,"stat.drop.minecraft.iron_sword":3,"stat.pickup.minecraft.rotten_flesh":95,"stat.useItem.chococraft.chocobo_drumstick_raw":1,"stat.pickup.midnight.deceitful_mud":13,"stat.killEntity.Enderman":2,"stat.pickup.minecraft.leather_boots":2,"stat.pickup.midnight.shadowroot_log":5,"stat.mineBlock.zawa.legume":1,"stat.useItem.minecraft.iron_pickaxe":282,"stat.craftItem.minecraft.wooden_pickaxe":1,"stat.killEntity.midnight.rifter":10,"stat.useItem.zawa.bird_meat":3,"stat.pickup.harvestcraft.onionitem":5,"stat.pickup.zawa.golden_sparks":1,"stat.drop.minecraft.diamond_chestplate":1,"stat.mineBlock.chisel.marble2":3,"stat.mineBlock.minecraft.vine":4,"stat.furnaceInteraction":12,"stat.drop.minecraft.gravel":1,"stat.pickup.harvestcraft.cornitem":4,"stat.killEntity.ZombieVillager":5,"stat.pickup.minecraft.nether_brick":73,"stat.pickup.ebwizardry.arcane_tome":1,"stat.pickup.zawa.large_meat_raw":4,"stat.pickup.minecraft.leather_helmet":3,"stat.pickup.biomesoplenty.flower_1":1,"stat.craftItem.futuremc.dye":1,"stat.pickup.biomesoplenty.flower_0":3,"stat.craftItem.midnight.nightstone_sword":1,"stat.pickup.tombstone.gift":1,"stat.pickup.minecraft.potion":1,"stat.drop.minecraft.nether_brick_stairs":1,"stat.mineBlock.astralsorcery.blockmarble":4,"stat.killEntity.Husk":6,"stat.mineBlock.ic2.leaves":2,"stat.mineBlock.midnight.suavis":2,"stat.deaths":19,"stat.mineBlock.minecraft.stone_pressure_plate":4,"stat.useItem.minecraft.nether_brick":49,"stat.craftItem.minecraft.iron_pickaxe":2,"stat.useItem.midnight.nightstone_sword":157,"stat.pickup.zawa.care_guide":1,"stat.drop.minecraft.torch":2,"stat.drop.minecraft.glass_bottle":1,"stat.pickup.chisel.marble2":1,"stat.mineBlock.minecraft.tallgrass":20,"stat.chestOpened":62,"stat.useItem.minecraft.stone":4,"stat.pickup.minecraft.arrow":123,"stat.pickup.minecraft.iron_sword":3,"stat.pickup.harvestcraft.chilipepperitem":7,"stat.drop.minecraft.iron_pickaxe":1,"stat.pickup.minecraft.carrot":93,"stat.crouchOneCm":2228,"stat.mineBlock.minecraft.chest":1,"stat.craftItem.minecraft.iron_ingot":30,"stat.mineBlock.tropicraft.flower":3,"stat.craftingTableInteraction":5,"stat.mineBlock.minecraft.log2":1,"stat.pickup.zawa.ostritch_fern":2,"stat.pickup.midnight.shadowroot_sword":2,"stat.craftItem.minecraft.wooden_sword":1,"stat.mineBlock.biomesoplenty.plant_0":88,"stat.pickup.minecraft.dye":2,"stat.pickup.minecraft.planks":1,"stat.useItem.harvestcraft.lettuceitem":5,"stat.pickup.chisel.limestone2":4,"stat.pickup.minecraft.wheat_seeds":22,"stat.mineBlock.biomesoplenty.gem_ore":1,"stat.mineBlock.minecraft.dirt":53,"stat.useItem.minecraft.bread":2,"stat.useItem.minecraft.cobblestone":120,"stat.mineBlock.minecraft.double_plant":1,"stat.pickup.minecraft.iron_pickaxe":3,"stat.useItem.midnight.nightstone_pickaxe":128,"stat.pickup.minecraft.tipped_arrow":1,"stat.pickup.minecraft.apple":2,"stat.pickup.minecraft.coal_block":1,"stat.craftItem.minecraft.planks":12,"stat.useItem.minecraft.iron_sword":1466,"stat.pickup.futuremc.cornflower":1,"stat.pickup.biomesoplenty.berries":13,"stat.pickup.midnight.rockshroom_clump":56,"stat.pickup.minecraft.book":1,"stat.useItem.minecraft.stonebrick":1,"stat.mineBlock.minecraft.log":2,"stat.useItem.harvestcraft.elderberryitem":4,"stat.mineBlock.midnight.deceitful_mud":4,"stat.pickup.minecraft.red_nether_brick":3,"stat.cakeSlicesEaten":14,"stat.drop.harvestcraft.parsnipitem":1,"stat.useItem.minecraft.iron_axe":78,"stat.mineBlock.minecraft.cobblestone":27,"stat.pickup.minecraft.stone_pickaxe":1,"stat.pickup.minecraft.leather_chestplate":10,"stat.pickup.minecraft.enchanted_book":2,"stat.drop.minecraft.cobblestone":3,"stat.useItem.chococraft.gysahl_green":1,"stat.useItem.minecraft.stone_slab2":36,"stat.pickup.minecraft.bow":5,"stat.pickup.minecraft.iron_boots":4,"stat.useItem.harvestcraft.wintersquashitem":5,"stat.craftItem.minecraft.furnace":1,"stat.drop.minecraft.golden_helmet":1,"stat.craftItem.minecraft.iron_boots":1,"stat.pickup.minecraft.nether_wart_block":1,"stat.mineBlock.zawa.ostritch_fern":2,"stat.pickup.minecraft.diamond_leggings":1,"stat.flyOneCm":608327,"stat.drop.minecraft.iron_helmet":1,"stat.pickup.minecraft.nether_brick_stairs":4,"stat.timeSinceDeath":1314,"stat.pickup.chococraft.lovely_gysahl_green":1,"stat.useItem.minecraft.potato":5,"stat.pickup.minecraft.chainmail_helmet":2,"stat.mineBlock.minecraft.coal_ore":69,"stat.pickup.minecraft.shield":4,"stat.talkedToVillager":1,"stat.pickup.extrautils2.ingredients":4,"stat.pickup.minecraft.wooden_sword":2,"stat.pickup.minecraft.string":97,"stat.killEntity.midnight.nightstag":1,"stat.pickup.midnight.shadowroot_planks":12,"stat.pickup.tombstone.crafting_ingredient":38,"stat.entityKilledBy.Skeleton":3,"stat.sprintOneCm":837695,"stat.drop.minecraft.leather":2,"stat.mineBlock.biomesoplenty.flower_0":2,"stat.drop.harvestcraft.barleyitem":4,"stat.pickup.ic2.resource":3,"stat.useItem.tombstone.magic_scroll":8,"stat.craftItem.chococraft.chocobo_saddle":1,"stat.pickup.midnight.shadowroot_crafting_table":3,"stat.pickup.minecraft.leather_leggings":1,"stat.pickup.harvestcraft.mustardseedsitem":5,"stat.pickup.harvestcraft.flaxitem":6,"stat.mineBlock.midnight.rockshroom":23,"stat.useItem.minecraft.wooden_sword":61,"stat.pickup.ebwizardry.ruined_spell_book":1,"stat.drop.tombstone.grave_key":1,"stat.pickup.tombstone.grave_key":1,"stat.killEntity.Zombie":114,"stat.craftItem.minecraft.dye":2,"stat.pickup.midnight.nightstone":16,"stat.diveOneCm":7135,"stat.pickup.minecraft.wheat":8,"stat.mineBlock.minecraft.mossy_cobblestone":1,"stat.useItem.minecraft.rotten_flesh":58,"stat.jump":3277,"stat.pickup.minecraft.coal":141,"stat.pickup.minecraft.iron_ingot":13,"stat.pickup.minecraft.gunpowder":2,"stat.craftItem.minecraft.torch":64,"stat.pickup.minecraft.dirt":62,"stat.pickup.minecraft.stone_shovel":1,"stat.pickup.minecraft.iron_axe":2,"stat.mineBlock.midnight.midnight_dirt":1,"stat.damageTaken":9138,"stat.pickup.ebwizardry.scroll":5,"stat.mineBlock.minecraft.red_flower":1,"stat.mineBlock.minecraft.torch":6,"stat.entityKilledBy.ZombieVillager":5,"stat.pickup.minecraft.quartz_block":39,"stat.pickup.minecraft.potato":8,"stat.drop.midnight.unstable_fruit_blue":8,"stat.entityKilledBy.Zombie":3,"stat.pickup.harvestcraft.lettuceitem":8,"stat.pickup.chococraft.gysahl_green":21,"stat.craftItem.midnight.nightstone_pickaxe":1,"stat.pickup.midnight.raw_suavis":4,"stat.useItem.harvestcraft.onionitem":1,"stat.drop.minecraft.wheat":2,"stat.pickup.minecraft.diamond_pickaxe":1,"stat.useItem.tombstone.gift":2,"stat.craftItem.minecraft.iron_chestplate":1,"stat.drop.minecraft.potato":1,"stat.pickup.minecraft.ender_pearl":2,"stat.killEntity.Stray":3,"stat.mineBlock.minecraft.tnt":1,"stat.pickup.biomesoplenty.gem":1,"stat.mineBlock.minecraft.stonebrick":86,"stat.useItem.harvestcraft.parsnipitem":5,"stat.pickup.harvestcraft.cucumberitem":5,"stat.pickup.zawa.rat_cooked":1,"stat.mobKills":319,"stat.pickup.minecraft.diamond_boots":2,"stat.pickup.midnight.deceitful_peat":1,"stat.pickup.minecraft.beetroot_seeds":3,"stat.pickup.minecraft.torch":15,"stat.pickup.astralsorcery.blockmarble":4,"stat.drop.minecraft.arrow":2,"stat.craftItem.midnight.shadowroot_sword":1,"stat.mineBlock.midnight.shadowroot_crafting_table":2,"stat.killEntity.Blaze":2,"stat.useItem.zawa.rat_cooked":1,"stat.craftItem.midnight.dark_stick":12,"stat.mineBlock.midnight.nightstone":17,"stat.mineBlock.minecraft.stone_brick_stairs":16,"stat.entityKilledBy.Spider":1,"stat.pickup.harvestcraft.wintersquashitem":9,"stat.pickup.minecraft.chainmail_chestplate":10,"stat.hopperInspected":1,"stat.useItem.midnight.shadowroot_sword":43,"stat.trappedChestTriggered":2,"stat.mineBlock.futuremc.cornflower":1,"stat.pickup.minecraft.furnace":2,"stat.useItem.minecraft.cooked_mutton":4,"stat.mineBlock.harvestcraft.windygarden":40,"stat.pickup.minecraft.iron_chestplate":14,"stat.pickup.minecraft.skull":1,"stat.pickup.tombstone.magic_scroll":12,"stat.mineBlock.minecraft.soul_sand":4,"stat.playOneMinute":259930,"stat.pickup.minecraft.iron_bars":13,"stat.pickup.minecraft.netherrack":24,"stat.recordPlayed":1,"stat.mineBlock.minecraft.netherrack":8,"stat.useItem.midnight.unstable_fruit_blue":5,"stat.craftItem.biomesoplenty.planks_0":16,"stat.mineBlock.minecraft.gold_block":1,"stat.pickup.minecraft.cooked_chicken":1,"stat.fallOneCm":92442,"stat.mineBlock.midnight.tall_midnight_grass":6,"stat.drop.minecraft.stone":1,"stat.drop.minecraft.dye":2,"stat.useItem.harvestcraft.chilipepperitem":7,"stat.useItem.harvestcraft.bellpepperitem":7,"stat.pickup.minecraft.golden_leggings":5,"stat.mineBlock.minecraft.nether_wart_block":3,"stat.mineBlock.ic2.resource":9,"stat.pickup.minecraft.feather":3,"stat.drop.minecraft.bone":3,"stat.mineBlock.minecraft.red_nether_brick":8,"stat.drop.harvestcraft.cucumberitem":2,"stat.pickup.minecraft.iron_leggings":19,"stat.mineBlock.minecraft.gravel":3,"stat.useItem.minecraft.stone_pickaxe":196,"stat.craftItem.minecraft.iron_leggings":2,"stat.useItem.biomesoplenty.berries":12,"stat.pickup.minecraft.chainmail_boots":3,"stat.drop.minecraft.iron_axe":2,"stat.useItem.minecraft.torch":102,"stat.craftItem.minecraft.crafting_table":2,"stat.pickup.minecraft.log":3,"stat.useItem.minecraft.cooked_fish":7,"stat.mineBlock.tropicraft.bamboo_shoot":1,"stat.mineBlock.zawa.bellflowers":2,"stat.pickup.zawa.bellflowers":2,"stat.pickup.minecraft.chainmail_leggings":2,"stat.pickup.minecraft.wooden_door":1,"stat.entityKilledBy.Enderman":2,"stat.pickup.minecraft.beetroot":1,"stat.pickup.harvestcraft.parsnipitem":8,"stat.pickup.minecraft.diamond_helmet":1,"stat.useItem.zawa.large_meat_raw":4,"stat.killEntity.WitherSkeleton":14,"stat.sneakTime":781,"stat.entityKilledBy.Blaze":3,"stat.useItem.minecraft.baked_potato":6,"stat.mineBlock.midnight.deceitful_peat":6,"stat.mineBlock.midnight.bogweed":1,"stat.useItem.minecraft.beetroot":1,"stat.pickup.minecraft.chest":2,"stat.drop.minecraft.stone_pickaxe":1,"stat.pickup.minecraft.bone":198,"stat.useItem.minecraft.mushroom_stew":2,"stat.entityKilledBy.midnight.rifter":1,"stat.pickup.ebwizardry.ring_battlemage":1,"stat.swimOneCm":6430,"stat.climbOneCm":2962,"stat.pickup.harvestcraft.artichokeitem":6,"stat.pickup.chococraft.chocobo_drumstick_raw":1,"stat.useItem.minecraft.dirt":76,"stat.pickup.minecraft.golden_helmet":5,"stat.pickup.midnight.deceitful_moss":1,"stat.useItem.harvestcraft.barleyitem":1,"stat.pickup.zawa.bird_meat":3,"stat.useItem.chococraft.chocobo_drumstick_cooked":2,"stat.pickup.tropicraft.flower":3,"stat.useItem.minecraft.iron_ore":1,"stat.craftItem.minecraft.stone_pickaxe":2,"stat.mineBlock.minecraft.magma":6,"stat.pickup.minecraft.cobblestone":315,"stat.mineBlock.minecraft.carpet":4,"stat.pickup.minecraft.gold_block":1,"stat.mineBlock.chisel.limestone2":6,"stat.pickup.minecraft.glass_bottle":4,"stat.pickup.minecraft.soul_sand":1,"stat.drop.minecraft.wheat_seeds":1,"stat.useItem.minecraft.cooked_beef":2,"stat.mineBlock.minecraft.iron_ore":46,"stat.useItem.harvestcraft.peanutitem":4,"stat.mineBlock.biomesoplenty.log_2":4,"stat.mineBlock.midnight.shadowroot_log":5,"stat.useItem.harvestcraft.cornitem":4,"stat.mineBlock.minecraft.coal_block":1,"stat.pickup.minecraft.stonebrick":55,"stat.useItem.minecraft.cooked_porkchop":2,"stat.pickup.minecraft.iron_shovel":6,"stat.pickup.minecraft.carpet":4,"stat.pickup.chococraft.chocobo_feather":7,"stat.mineBlock.minecraft.nether_brick":54,"stat.pickup.minecraft.paper":10,"stat.craftItem.minecraft.stick":16,"stat.craftItem.midnight.shadowroot_planks":20,"stat.pickup.harvestcraft.barleyitem":8,"stat.mineBlock.minecraft.quartz_block":10,"stat.useItem.minecraft.diamond_pickaxe":29,"stat.useItem.minecraft.carrot":93,"stat.useItem.minecraft.wheat":6,"stat.pickup.minecraft.diamond_chestplate":4,"stat.pickup.chococraft.gysahl_green_seeds":27,"stat.entityKilledBy.Creeper":1,"stat.drop":53,"stat.drop.harvestcraft.lettuceitem":2,"stat.pickup.minecraft.gravel":3,"stat.useItem.minecraft.apple":3,"stat.mineBlock.minecraft.deadbush":1,"stat.useItem.minecraft.potion":5,"stat.pickup.minecraft.stone_brick_stairs":11,"stat.pickup.minecraft.iron_helmet":12,"stat.pickup.harvestcraft.peanutitem":4,"stat.pickup.minecraft.spider_eye":12,"stat.craftItem.minecraft.iron_helmet":1,"stat.pickup.harvestcraft.bellpepperitem":8,"stat.pickup.midnight.nightstone_sword":1,"stat.useItem.minecraft.cooked_chicken":1,"stat.pickup.minecraft.iron_ore":53,"stat.mineBlock.minecraft.iron_bars":14,"stat.pickup.minecraft.leather":3,"stat.mineBlock.midnight.deceitful_moss":1,"stat.useItem.harvestcraft.flaxitem":2,"stat.mineBlock.minecraft.furnace":1,"stat.useItem.minecraft.wooden_pickaxe":51,"stat.useItem.harvestcraft.mustardseedsitem":2,"stat.drop.chococraft.gysahl_green":1,"tombstone:undead_killed":217,"stat.useItem.tombstone.grave_key":7,"stat.drop.chococraft.lovely_gysahl_green":1,"stat.craftItem.midnight.nightstone_axe":1,"stat.pickup.chococraft.chocobo_drumstick_cooked":2,"stat.damageDealt":50324,"stat.sleepInBed":1,"stat.mineBlock.minecraft.nether_brick_stairs":2,"stat.pickup.harvestcraft.elderberryitem":5,"stat.craftItem.minecraft.iron_sword":1,"stat.walkOneCm":436399,"stat.playerKills":1,"stat.pickup.minecraft.stick":6,"stat.pickup.zawa.legume":1,"stat.mineBlock.zawa.golden_sparks":1,"stat.pickup.minecraft.tnt":1,"stat.drop.minecraft.iron_chestplate":2,"stat.pickup.minecraft.stone":46,"stat.killEntity.Skeleton":74,"stat.pickup.harvestcraft.amaranthitem":3,"stat.pickup.ebwizardry.crystal_shard":2,"stat.pickup.biomesoplenty.log_2":4,"stat.killEntity.Spider":40,"stat.mineBlock.minecraft.quartz_ore":4,"stat.pickup.minecraft.quartz":4,"stat.craftItem.midnight.shadowroot_crafting_table":3,"stat.mineBlock.minecraft.leaves":2,"stat.mineBlock.minecraft.stone":178}