{"stat.cakeSlicesEaten":14,"stat.drop.harvestcraft.parsnipitem":1,"stat.pickup.minecraft.bone":23,"stat.craftItem.midnight.shadowroot_sword":1,"stat.mineBlock.midnight.shadowroot_crafting_table":2,"stat.useItem.minecraft.iron_axe":24,"stat.useItem.harvestcraft.amaranthitem":3,"stat.mineBlock.minecraft.cobblestone":5,"stat.entityKilledBy.midnight.rifter":1,"stat.pickup.ebwizardry.ring_battlemage":1,"stat.pickup.minecraft.leather_chestplate":1,"stat.pickup.tombstone.familiar_stone":1,"stat.useItem.zawa.rat_cooked":1,"stat.swimOneCm":6430,"stat.pickup.zawa.worm":3,"stat.climbOneCm":642,"stat.pickup.harvestcraft.artichokeitem":6,"stat.craftItem.minecraft.shield":1,"stat.craftItem.midnight.dark_stick":8,"stat.mineBlock.midnight.nightstone":17,"stat.pickup.chococraft.chocobo_drumstick_raw":1,"stat.useItem.minecraft.dirt":52,"stat.useItem.chococraft.gysahl_green":1,"stat.drop.biomesoplenty.berries":1,"stat.pickup.midnight.deceitful_moss":1,"stat.useItem.minecraft.stone_slab2":26,"stat.useItem.midnight.nightstone_axe":28,"stat.useItem.harvestcraft.barleyitem":1,"stat.pickup.zawa.bird_meat":3,"stat.mineBlock.minecraft.stone_brick_stairs":13,"stat.useItem.harvestcraft.wintersquashitem":5,"stat.pickup.minecraft.rotten_flesh":3,"stat.useItem.chococraft.chocobo_drumstick_cooked":2,"stat.craftItem.minecraft.furnace":1,"stat.useItem.chococraft.chocobo_drumstick_raw":1,"stat.pickup.tropicraft.flower":3,"stat.craftItem.minecraft.iron_boots":1,"stat.pickup.midnight.deceitful_mud":8,"stat.craftItem.minecraft.stone_pickaxe":1,"stat.pickup.harvestcraft.wintersquashitem":9,"stat.killEntity.Enderman":1,"stat.pickup.minecraft.cobblestone":74,"stat.mineBlock.zawa.ostritch_fern":2,"stat.pickup.minecraft.leather_boots":1,"stat.mineBlock.minecraft.carpet":4,"stat.pickup.midnight.shadowroot_log":5,"stat.mineBlock.chisel.limestone2":6,"stat.flyOneCm":550499,"stat.pickup.minecraft.glass_bottle":2,"stat.mineBlock.zawa.legume":1,"stat.drop.minecraft.wheat_seeds":1,"stat.mineBlock.minecraft.iron_ore":46,"stat.timeSinceDeath":1514,"stat.useItem.harvestcraft.peanutitem":4,"stat.hopperInspected":1,"stat.pickup.chococraft.lovely_gysahl_green":1,"stat.useItem.minecraft.iron_pickaxe":85,"stat.craftItem.minecraft.wooden_pickaxe":1,"stat.killEntity.midnight.rifter":10,"stat.useItem.midnight.shadowroot_sword":43,"stat.mineBlock.biomesoplenty.log_2":4,"stat.useItem.zawa.bird_meat":3,"stat.mineBlock.midnight.shadowroot_log":5,"stat.pickup.harvestcraft.onionitem":5,"stat.useItem.minecraft.potato":5,"stat.useItem.harvestcraft.cornitem":4,"stat.pickup.zawa.golden_sparks":1,"stat.mineBlock.chisel.marble2":3,"stat.pickup.minecraft.stonebrick":36,"stat.furnaceInteraction":12,"stat.pickup.minecraft.carpet":4,"stat.pickup.harvestcraft.cornitem":4,"stat.mineBlock.minecraft.coal_ore":69,"stat.mineBlock.futuremc.cornflower":1,"stat.pickup.chococraft.chocobo_feather":5,"stat.talkedToVillager":1,"stat.pickup.minecraft.wooden_sword":1,"stat.pickup.minecraft.string":2,"stat.killEntity.midnight.nightstag":1,"stat.pickup.midnight.shadowroot_planks":6,"stat.pickup.ebwizardry.arcane_tome":1,"stat.pickup.zawa.large_meat_raw":4,"stat.pickup.minecraft.furnace":1,"stat.pickup.tombstone.crafting_ingredient":3,"stat.entityKilledBy.Skeleton":1,"stat.mineBlock.harvestcraft.windygarden":40,"stat.pickup.minecraft.leather_helmet":1,"stat.pickup.biomesoplenty.flower_1":1,"stat.craftItem.futuremc.dye":1,"stat.sprintOneCm":575067,"stat.pickup.biomesoplenty.flower_0":3,"stat.pickup.minecraft.paper":5,"stat.pickup.minecraft.iron_chestplate":1,"stat.drop.minecraft.leather":2,"stat.mineBlock.biomesoplenty.flower_0":2,"stat.craftItem.midnight.nightstone_sword":1,"stat.craftItem.minecraft.stick":16,"stat.pickup.tombstone.magic_scroll":2,"stat.drop.harvestcraft.barleyitem":4,"stat.useItem.tombstone.magic_scroll":2,"stat.craftItem.midnight.shadowroot_planks":20,"stat.pickup.minecraft.potion":1,"stat.craftItem.chococraft.chocobo_saddle":1,"stat.pickup.harvestcraft.barleyitem":8,"stat.mineBlock.astralsorcery.blockmarble":4,"stat.mineBlock.minecraft.quartz_block":3,"stat.useItem.minecraft.carrot":93,"stat.useItem.minecraft.wheat":6,"stat.mineBlock.ic2.leaves":2,"stat.pickup.midnight.shadowroot_crafting_table":3,"stat.pickup.chococraft.gysahl_green_seeds":27,"stat.entityKilledBy.Creeper":1,"stat.mineBlock.midnight.suavis":2,"stat.pickup.harvestcraft.mustardseedsitem":5,"stat.deaths":5,"stat.drop":25,"stat.pickup.harvestcraft.flaxitem":6,"stat.playOneMinute":142353,"stat.mineBlock.midnight.rockshroom":23,"stat.drop.harvestcraft.lettuceitem":2,"stat.useItem.minecraft.wooden_sword":61,"stat.drop.tombstone.grave_key":1,"stat.pickup.tombstone.grave_key":1,"stat.craftItem.minecraft.iron_pickaxe":1,"stat.useItem.midnight.nightstone_sword":157,"stat.killEntity.Zombie":10,"stat.pickup.zawa.care_guide":1,"stat.craftItem.minecraft.dye":2,"stat.pickup.minecraft.iron_bars":13,"stat.drop.minecraft.torch":1,"stat.drop.minecraft.glass_bottle":1,"stat.pickup.midnight.nightstone":16,"stat.pickup.chisel.marble2":1,"stat.mineBlock.minecraft.tallgrass":20,"stat.diveOneCm":7135,"stat.pickup.minecraft.wheat":8,"stat.chestOpened":33,"stat.recordPlayed":1,"stat.useItem.minecraft.stone":4,"stat.pickup.minecraft.gravel":1,"stat.pickup.minecraft.arrow":23,"stat.useItem.minecraft.apple":3,"stat.mineBlock.minecraft.deadbush":1,"stat.useItem.minecraft.potion":4,"stat.pickup.harvestcraft.chilipepperitem":7,"stat.drop.minecraft.iron_pickaxe":1,"stat.craftItem.biomesoplenty.planks_0":16,"stat.pickup.minecraft.stone_brick_stairs":7,"stat.jump":2339,"stat.pickup.minecraft.coal":125,"stat.pickup.minecraft.iron_ingot":13,"stat.fallOneCm":64629,"stat.mineBlock.midnight.tall_midnight_grass":6,"stat.drop.minecraft.dye":2,"stat.pickup.minecraft.carrot":93,"stat.useItem.harvestcraft.chilipepperitem":7,"stat.crouchOneCm":1539,"stat.pickup.harvestcraft.peanutitem":4,"stat.mineBlock.minecraft.chest":1,"stat.pickup.minecraft.spider_eye":1,"stat.craftItem.minecraft.torch":64,"stat.craftItem.minecraft.iron_ingot":30,"stat.useItem.harvestcraft.bellpepperitem":7,"stat.craftItem.minecraft.iron_helmet":1,"stat.pickup.minecraft.dirt":48,"stat.pickup.harvestcraft.bellpepperitem":8,"stat.pickup.midnight.nightstone_sword":1,"stat.mineBlock.tropicraft.flower":3,"stat.craftingTableInteraction":5,"stat.pickup.minecraft.iron_ore":49,"stat.mineBlock.minecraft.iron_bars":14,"stat.pickup.minecraft.iron_axe":2,"stat.mineBlock.midnight.midnight_dirt":1,"stat.mineBlock.minecraft.log2":1,"stat.damageTaken":4267,"stat.pickup.minecraft.leather":3,"stat.pickup.zawa.ostritch_fern":2,"stat.pickup.minecraft.feather":3,"stat.pickup.ebwizardry.scroll":5,"stat.mineBlock.midnight.deceitful_moss":1,"stat.useItem.harvestcraft.flaxitem":2,"stat.mineBlock.minecraft.red_flower":1,"stat.mineBlock.minecraft.furnace":1,"stat.mineBlock.minecraft.torch":3,"stat.useItem.minecraft.wooden_pickaxe":51,"stat.pickup.midnight.shadowroot_sword":2,"stat.craftItem.minecraft.wooden_sword":1,"stat.mineBlock.biomesoplenty.plant_0":88,"stat.useItem.harvestcraft.mustardseedsitem":2,"stat.drop.harvestcraft.cucumberitem":2,"stat.pickup.minecraft.dye":2,"stat.pickup.minecraft.planks":1,"stat.useItem.harvestcraft.lettuceitem":5,"stat.pickup.chisel.limestone2":4,"stat.drop.chococraft.gysahl_green":1,"tombstone:undead_killed":40,"stat.pickup.minecraft.wheat_seeds":22,"stat.pickup.minecraft.quartz_block":2,"stat.pickup.minecraft.potato":6,"stat.drop.chococraft.lovely_gysahl_green":1,"stat.entityKilledBy.Zombie":1,"stat.craftItem.midnight.nightstone_axe":1,"stat.mineBlock.minecraft.gravel":2,"stat.useItem.minecraft.stone_pickaxe":131,"stat.pickup.chococraft.chocobo_drumstick_cooked":2,"stat.craftItem.minecraft.iron_leggings":1,"stat.damageDealt":14646,"stat.sleepInBed":1,"stat.pickup.harvestcraft.lettuceitem":8,"stat.pickup.chococraft.gysahl_green":17,"stat.useItem.biomesoplenty.berries":12,"stat.craftItem.midnight.nightstone_pickaxe":1,"stat.mineBlock.minecraft.dirt":45,"stat.pickup.midnight.raw_suavis":4,"stat.pickup.minecraft.chainmail_boots":1,"stat.pickup.harvestcraft.elderberryitem":5,"stat.craftItem.minecraft.iron_sword":1,"stat.useItem.harvestcraft.onionitem":1,"stat.drop.minecraft.iron_axe":1,"stat.walkOneCm":245975,"stat.useItem.minecraft.torch":60,"stat.useItem.minecraft.bread":2,"stat.playerKills":1,"stat.drop.minecraft.wheat":2,"stat.pickup.minecraft.stick":6,"stat.craftItem.minecraft.crafting_table":2,"stat.mineBlock.minecraft.double_plant":1,"stat.pickup.zawa.legume":1,"stat.pickup.minecraft.log":3,"stat.useItem.minecraft.cooked_fish":6,"stat.mineBlock.zawa.golden_sparks":1,"stat.pickup.minecraft.iron_pickaxe":1,"stat.useItem.tombstone.gift":1,"stat.mineBlock.tropicraft.bamboo_shoot":1,"stat.useItem.midnight.nightstone_pickaxe":128,"stat.pickup.minecraft.stone":9,"stat.craftItem.minecraft.iron_chestplate":1,"stat.mineBlock.zawa.bellflowers":2,"stat.pickup.zawa.bellflowers":2,"stat.drop.minecraft.potato":1,"stat.pickup.minecraft.ender_pearl":2,"stat.pickup.minecraft.wooden_door":1,"stat.entityKilledBy.Enderman":1,"stat.pickup.minecraft.apple":2,"stat.killEntity.Skeleton":26,"stat.pickup.minecraft.beetroot":1,"stat.pickup.harvestcraft.parsnipitem":8,"stat.pickup.harvestcraft.amaranthitem":3,"stat.pickup.ebwizardry.crystal_shard":2,"stat.mineBlock.minecraft.stonebrick":46,"stat.pickup.biomesoplenty.log_2":4,"stat.craftItem.minecraft.planks":12,"stat.useItem.harvestcraft.parsnipitem":5,"stat.useItem.minecraft.iron_sword":170,"stat.pickup.futuremc.cornflower":1,"stat.pickup.harvestcraft.cucumberitem":5,"stat.useItem.zawa.large_meat_raw":4,"stat.killEntity.Spider":2,"stat.pickup.biomesoplenty.berries":13,"stat.killEntity.WitherSkeleton":4,"stat.pickup.midnight.rockshroom_clump":56,"stat.pickup.zawa.rat_cooked":1,"stat.mobKills":70,"stat.pickup.minecraft.book":1,"stat.mineBlock.minecraft.log":2,"stat.pickup.midnight.deceitful_peat":1,"stat.craftItem.midnight.shadowroot_crafting_table":2,"stat.useItem.harvestcraft.elderberryitem":4,"stat.pickup.minecraft.beetroot_seeds":3,"stat.mineBlock.minecraft.leaves":2,"stat.mineBlock.midnight.deceitful_mud":4,"stat.pickup.minecraft.torch":7,"stat.sneakTime":595,"stat.pickup.astralsorcery.blockmarble":4,"stat.drop.minecraft.arrow":2,"stat.useItem.minecraft.baked_potato":1,"stat.mineBlock.midnight.deceitful_peat":6,"stat.mineBlock.minecraft.stone":81,"stat.mineBlock.midnight.bogweed":1,"stat.useItem.minecraft.beetroot":1,"stat.pickup.minecraft.chest":2}