{"stat.cakeSlicesEaten":4,"stat.chestOpened":1,"stat.mineBlock.biomesoplenty.log_2":4,"stat.walkOneCm":19929,"stat.useItem.minecraft.torch":7,"stat.pickup.minecraft.stick":4,"stat.useItem.minecraft.stone":1,"stat.mineBlock.chisel.marble2":2,"stat.mineBlock.minecraft.cobblestone":1,"stat.pickup.minecraft.stonebrick":5,"stat.craftItem.minecraft.crafting_table":2,"stat.mineBlock.minecraft.coal_ore":47,"stat.pickup.harvestcraft.chilipepperitem":1,"stat.pickup.minecraft.log":1,"stat.craftItem.biomesoplenty.planks_0":16,"stat.jump":231,"stat.pickup.minecraft.coal":47,"stat.climbOneCm":174,"stat.fallOneCm":5372,"stat.pickup.minecraft.carrot":6,"stat.mineBlock.harvestcraft.windygarden":1,"stat.pickup.minecraft.stone":5,"stat.useItem.harvestcraft.chilipepperitem":1,"stat.craftItem.minecraft.torch":28,"stat.useItem.harvestcraft.bellpepperitem":1,"stat.sprintOneCm":55503,"stat.useItem.minecraft.stone_slab2":4,"stat.pickup.harvestcraft.bellpepperitem":1,"stat.craftItem.minecraft.stick":12,"stat.craftingTableInteraction":3,"stat.pickup.minecraft.iron_ore":25,"stat.pickup.minecraft.beetroot":1,"stat.mineBlock.minecraft.iron_bars":4,"stat.mineBlock.minecraft.stonebrick":7,"stat.pickup.biomesoplenty.log_2":4,"stat.craftItem.minecraft.planks":4,"stat.damageTaken":455,"stat.pickup.biomesoplenty.berries":7,"stat.mineBlock.astralsorcery.blockmarble":4,"stat.craftItem.minecraft.stone_pickaxe":1,"stat.useItem.minecraft.carrot":6,"stat.useItem.minecraft.wooden_pickaxe":8,"stat.pickup.minecraft.cobblestone":25,"stat.craftItem.minecraft.wooden_sword":1,"stat.mineBlock.biomesoplenty.plant_0":14,"stat.useItem.harvestcraft.mustardseedsitem":1,"stat.pickup.minecraft.planks":1,"stat.mineBlock.chisel.limestone2":4,"stat.pickup.harvestcraft.mustardseedsitem":1,"stat.pickup.chisel.limestone2":4,"stat.flyOneCm":42744,"stat.pickup.minecraft.wheat_seeds":1,"stat.pickup.minecraft.beetroot_seeds":3,"stat.playOneMinute":17253,"stat.useItem.minecraft.wooden_sword":1,"stat.useItem.minecraft.stone_pickaxe":117,"stat.damageDealt":83,"stat.pickup.astralsorcery.blockmarble":4,"stat.mineBlock.minecraft.iron_ore":25,"stat.timeSinceDeath":17253,"stat.pickup.zawa.care_guide":1,"stat.pickup.minecraft.iron_bars":3,"stat.useItem.biomesoplenty.berries":6,"stat.craftItem.minecraft.wooden_pickaxe":1,"stat.mineBlock.minecraft.stone":31,"stat.pickup.chisel.marble2":1,"stat.mineBlock.minecraft.tallgrass":1,"stat.useItem.minecraft.beetroot":1}