{"stat.mineBlock.biomesoplenty.log_2":4,"stat.pickup.minecraft.beetroot":1,"stat.walkOneCm":5720,"stat.mineBlock.minecraft.stonebrick":1,"stat.pickup.biomesoplenty.log_2":4,"stat.pickup.minecraft.stick":4,"stat.damageTaken":295,"stat.pickup.biomesoplenty.berries":7,"stat.craftItem.minecraft.crafting_table":1,"stat.useItem.minecraft.carrot":6,"stat.useItem.minecraft.wooden_pickaxe":1,"stat.craftItem.minecraft.wooden_sword":1,"stat.mineBlock.biomesoplenty.plant_0":14,"stat.useItem.harvestcraft.mustardseedsitem":1,"stat.pickup.harvestcraft.chilipepperitem":1,"stat.pickup.harvestcraft.mustardseedsitem":1,"stat.flyOneCm":35199,"stat.craftItem.biomesoplenty.planks_0":16,"stat.pickup.minecraft.wheat_seeds":1,"stat.jump":151,"stat.pickup.minecraft.beetroot_seeds":3,"stat.playOneMinute":5553,"stat.fallOneCm":4203,"stat.climbOneCm":174,"stat.pickup.minecraft.carrot":6,"stat.mineBlock.harvestcraft.windygarden":1,"stat.damageDealt":43,"stat.useItem.harvestcraft.chilipepperitem":1,"stat.timeSinceDeath":5553,"stat.pickup.zawa.care_guide":1,"stat.useItem.harvestcraft.bellpepperitem":1,"stat.useItem.biomesoplenty.berries":6,"stat.sprintOneCm":29719,"stat.useItem.minecraft.stone_slab2":1,"stat.pickup.harvestcraft.bellpepperitem":1,"stat.craftItem.minecraft.wooden_pickaxe":1,"stat.mineBlock.minecraft.tallgrass":1,"stat.useItem.minecraft.beetroot":1,"stat.craftItem.minecraft.stick":4,"stat.craftingTableInteraction":2}