{"stat.walkOneCm":4437,"stat.mineBlock.tropicraft.pineapple":1,"stat.pickup.tropicraft.pineapple":1,"stat.leaveGame":2,"stat.damageTaken":10,"stat.mobKills":1,"stat.useItem.chococraft.chocobo_spawn_egg":9,"stat.flyOneCm":94771,"stat.jump":65,"stat.swimOneCm":2232,"stat.playOneMinute":10233,"stat.fallOneCm":2072,"stat.sneakTime":329,"stat.damageDealt":260,"stat.crouchOneCm":448,"stat.pickup.zawa.care_guide":1,"stat.timeSinceDeath":10233,"stat.mineBlock.harvestcraft.soggygarden":1,"stat.sprintOneCm":7072,"stat.diveOneCm":11479,"stat.useItem.botania.elementiumsword":24}