{"stat.cakeSlicesEaten":14,"stat.drop.harvestcraft.parsnipitem":1,"stat.craftItem.midnight.shadowroot_sword":1,"stat.mineBlock.midnight.shadowroot_crafting_table":2,"stat.useItem.harvestcraft.amaranthitem":3,"stat.mineBlock.minecraft.cobblestone":1,"stat.entityKilledBy.midnight.rifter":1,"stat.pickup.ebwizardry.ring_battlemage":1,"stat.useItem.zawa.rat_cooked":1,"stat.swimOneCm":6430,"stat.pickup.zawa.worm":3,"stat.climbOneCm":174,"stat.pickup.harvestcraft.artichokeitem":6,"stat.craftItem.minecraft.shield":1,"stat.craftItem.midnight.dark_stick":8,"stat.mineBlock.midnight.nightstone":17,"stat.pickup.chococraft.chocobo_drumstick_raw":1,"stat.useItem.minecraft.dirt":19,"stat.useItem.chococraft.gysahl_green":1,"stat.drop.biomesoplenty.berries":1,"stat.pickup.midnight.deceitful_moss":1,"stat.useItem.minecraft.stone_slab2":23,"stat.useItem.midnight.nightstone_axe":28,"stat.useItem.harvestcraft.barleyitem":1,"stat.pickup.zawa.bird_meat":3,"stat.useItem.harvestcraft.wintersquashitem":5,"stat.useItem.chococraft.chocobo_drumstick_cooked":2,"stat.craftItem.minecraft.furnace":1,"stat.useItem.chococraft.chocobo_drumstick_raw":1,"stat.pickup.tropicraft.flower":3,"stat.craftItem.minecraft.iron_boots":1,"stat.pickup.midnight.deceitful_mud":8,"stat.craftItem.minecraft.stone_pickaxe":1,"stat.pickup.harvestcraft.wintersquashitem":9,"stat.pickup.minecraft.cobblestone":67,"stat.mineBlock.zawa.ostritch_fern":2,"stat.pickup.midnight.shadowroot_log":5,"stat.mineBlock.chisel.limestone2":4,"stat.flyOneCm":530665,"stat.mineBlock.zawa.legume":1,"stat.drop.minecraft.wheat_seeds":1,"stat.mineBlock.minecraft.iron_ore":46,"stat.timeSinceDeath":28209,"stat.useItem.harvestcraft.peanutitem":4,"stat.hopperInspected":1,"stat.pickup.chococraft.lovely_gysahl_green":1,"stat.useItem.minecraft.iron_pickaxe":4,"stat.craftItem.minecraft.wooden_pickaxe":1,"stat.killEntity.midnight.rifter":10,"stat.useItem.midnight.shadowroot_sword":43,"stat.mineBlock.biomesoplenty.log_2":4,"stat.useItem.zawa.bird_meat":3,"stat.mineBlock.midnight.shadowroot_log":5,"stat.pickup.harvestcraft.onionitem":5,"stat.useItem.minecraft.potato":5,"stat.useItem.harvestcraft.cornitem":4,"stat.pickup.zawa.golden_sparks":1,"stat.mineBlock.chisel.marble2":3,"stat.pickup.minecraft.stonebrick":5,"stat.furnaceInteraction":12,"stat.pickup.harvestcraft.cornitem":4,"stat.mineBlock.minecraft.coal_ore":69,"stat.mineBlock.futuremc.cornflower":1,"stat.pickup.chococraft.chocobo_feather":4,"stat.talkedToVillager":1,"stat.pickup.minecraft.wooden_sword":1,"stat.pickup.minecraft.string":2,"stat.killEntity.midnight.nightstag":1,"stat.pickup.midnight.shadowroot_planks":6,"stat.pickup.ebwizardry.arcane_tome":1,"stat.pickup.zawa.large_meat_raw":4,"stat.pickup.minecraft.furnace":1,"stat.entityKilledBy.Skeleton":1,"stat.mineBlock.harvestcraft.windygarden":40,"stat.pickup.biomesoplenty.flower_1":1,"stat.craftItem.futuremc.dye":1,"stat.sprintOneCm":455123,"stat.pickup.biomesoplenty.flower_0":3,"stat.pickup.minecraft.paper":3,"stat.drop.minecraft.leather":2,"stat.mineBlock.biomesoplenty.flower_0":2,"stat.craftItem.midnight.nightstone_sword":1,"stat.craftItem.minecraft.stick":16,"stat.drop.harvestcraft.barleyitem":4,"stat.craftItem.midnight.shadowroot_planks":20,"stat.craftItem.chococraft.chocobo_saddle":1,"stat.pickup.harvestcraft.barleyitem":8,"stat.mineBlock.astralsorcery.blockmarble":4,"stat.useItem.minecraft.carrot":93,"stat.useItem.minecraft.wheat":6,"stat.mineBlock.ic2.leaves":2,"stat.pickup.midnight.shadowroot_crafting_table":3,"stat.pickup.chococraft.gysahl_green_seeds":27,"stat.entityKilledBy.Creeper":1,"stat.mineBlock.midnight.suavis":2,"stat.pickup.harvestcraft.mustardseedsitem":5,"stat.deaths":3,"stat.drop":23,"stat.pickup.harvestcraft.flaxitem":6,"stat.playOneMinute":116253,"stat.mineBlock.midnight.rockshroom":23,"stat.drop.harvestcraft.lettuceitem":2,"stat.useItem.minecraft.wooden_sword":61,"stat.drop.tombstone.grave_key":1,"stat.pickup.tombstone.grave_key":1,"stat.craftItem.minecraft.iron_pickaxe":1,"stat.useItem.midnight.nightstone_sword":157,"stat.killEntity.Zombie":1,"stat.pickup.zawa.care_guide":1,"stat.craftItem.minecraft.dye":2,"stat.pickup.minecraft.iron_bars":5,"stat.drop.minecraft.torch":1,"stat.pickup.midnight.nightstone":16,"stat.pickup.chisel.marble2":1,"stat.mineBlock.minecraft.tallgrass":20,"stat.diveOneCm":7135,"stat.pickup.minecraft.wheat":8,"stat.chestOpened":12,"stat.useItem.minecraft.stone":4,"stat.pickup.minecraft.gravel":1,"stat.pickup.minecraft.arrow":5,"stat.mineBlock.minecraft.deadbush":1,"stat.pickup.harvestcraft.chilipepperitem":7,"stat.drop.minecraft.iron_pickaxe":1,"stat.craftItem.biomesoplenty.planks_0":16,"stat.jump":2127,"stat.pickup.minecraft.coal":125,"stat.pickup.minecraft.iron_ingot":13,"stat.fallOneCm":60099,"stat.mineBlock.midnight.tall_midnight_grass":6,"stat.drop.minecraft.dye":2,"stat.pickup.minecraft.carrot":93,"stat.useItem.harvestcraft.chilipepperitem":7,"stat.crouchOneCm":879,"stat.pickup.harvestcraft.peanutitem":4,"stat.mineBlock.minecraft.chest":1,"stat.pickup.minecraft.spider_eye":1,"stat.craftItem.minecraft.torch":28,"stat.craftItem.minecraft.iron_ingot":30,"stat.useItem.harvestcraft.bellpepperitem":7,"stat.craftItem.minecraft.iron_helmet":1,"stat.pickup.minecraft.dirt":48,"stat.pickup.harvestcraft.bellpepperitem":8,"stat.pickup.midnight.nightstone_sword":1,"stat.mineBlock.tropicraft.flower":3,"stat.craftingTableInteraction":5,"stat.pickup.minecraft.iron_ore":49,"stat.mineBlock.minecraft.iron_bars":6,"stat.mineBlock.midnight.midnight_dirt":1,"stat.mineBlock.minecraft.log2":1,"stat.damageTaken":2490,"stat.pickup.minecraft.leather":3,"stat.pickup.zawa.ostritch_fern":2,"stat.pickup.minecraft.feather":3,"stat.pickup.ebwizardry.scroll":5,"stat.mineBlock.midnight.deceitful_moss":1,"stat.useItem.harvestcraft.flaxitem":2,"stat.mineBlock.minecraft.red_flower":1,"stat.mineBlock.minecraft.furnace":1,"stat.mineBlock.minecraft.torch":1,"stat.useItem.minecraft.wooden_pickaxe":51,"stat.pickup.midnight.shadowroot_sword":2,"stat.craftItem.minecraft.wooden_sword":1,"stat.mineBlock.biomesoplenty.plant_0":88,"stat.useItem.harvestcraft.mustardseedsitem":2,"stat.drop.harvestcraft.cucumberitem":2,"stat.pickup.minecraft.dye":2,"stat.pickup.minecraft.planks":1,"stat.useItem.harvestcraft.lettuceitem":5,"stat.pickup.chisel.limestone2":4,"stat.drop.chococraft.gysahl_green":1,"tombstone:undead_killed":5,"stat.pickup.minecraft.wheat_seeds":22,"stat.pickup.minecraft.potato":6,"stat.drop.chococraft.lovely_gysahl_green":1,"stat.craftItem.midnight.nightstone_axe":1,"stat.mineBlock.minecraft.gravel":1,"stat.useItem.minecraft.stone_pickaxe":131,"stat.pickup.chococraft.chocobo_drumstick_cooked":2,"stat.craftItem.minecraft.iron_leggings":1,"stat.damageDealt":7533,"stat.sleepInBed":1,"stat.pickup.harvestcraft.lettuceitem":8,"stat.pickup.chococraft.gysahl_green":17,"stat.useItem.biomesoplenty.berries":12,"stat.craftItem.midnight.nightstone_pickaxe":1,"stat.mineBlock.minecraft.dirt":45,"stat.pickup.midnight.raw_suavis":4,"stat.pickup.harvestcraft.elderberryitem":5,"stat.craftItem.minecraft.iron_sword":1,"stat.useItem.harvestcraft.onionitem":1,"stat.walkOneCm":164569,"stat.useItem.minecraft.torch":14,"stat.playerKills":1,"stat.drop.minecraft.wheat":2,"stat.pickup.minecraft.stick":4,"stat.craftItem.minecraft.crafting_table":2,"stat.mineBlock.minecraft.double_plant":1,"stat.pickup.zawa.legume":1,"stat.pickup.minecraft.log":3,"stat.mineBlock.zawa.golden_sparks":1,"stat.pickup.minecraft.iron_pickaxe":1,"stat.useItem.tombstone.gift":1,"stat.mineBlock.tropicraft.bamboo_shoot":1,"stat.useItem.midnight.nightstone_pickaxe":128,"stat.pickup.minecraft.stone":9,"stat.craftItem.minecraft.iron_chestplate":1,"stat.mineBlock.zawa.bellflowers":2,"stat.pickup.zawa.bellflowers":2,"stat.drop.minecraft.potato":1,"stat.pickup.minecraft.wooden_door":1,"stat.killEntity.Skeleton":4,"stat.pickup.minecraft.beetroot":1,"stat.pickup.harvestcraft.parsnipitem":8,"stat.pickup.harvestcraft.amaranthitem":3,"stat.pickup.ebwizardry.crystal_shard":2,"stat.mineBlock.minecraft.stonebrick":9,"stat.pickup.biomesoplenty.log_2":4,"stat.craftItem.minecraft.planks":12,"stat.useItem.harvestcraft.parsnipitem":5,"stat.useItem.minecraft.iron_sword":9,"stat.pickup.futuremc.cornflower":1,"stat.pickup.harvestcraft.cucumberitem":5,"stat.useItem.zawa.large_meat_raw":4,"stat.killEntity.Spider":2,"stat.pickup.biomesoplenty.berries":13,"stat.pickup.midnight.rockshroom_clump":56,"stat.pickup.zawa.rat_cooked":1,"stat.mobKills":32,"stat.pickup.minecraft.book":1,"stat.mineBlock.minecraft.log":2,"stat.pickup.midnight.deceitful_peat":1,"stat.craftItem.midnight.shadowroot_crafting_table":2,"stat.useItem.harvestcraft.elderberryitem":4,"stat.pickup.minecraft.beetroot_seeds":3,"stat.mineBlock.minecraft.leaves":2,"stat.mineBlock.midnight.deceitful_mud":4,"stat.pickup.minecraft.torch":2,"stat.sneakTime":356,"stat.pickup.astralsorcery.blockmarble":4,"stat.drop.minecraft.arrow":2,"stat.mineBlock.midnight.deceitful_peat":6,"stat.mineBlock.minecraft.stone":77,"stat.mineBlock.midnight.bogweed":1,"stat.useItem.minecraft.beetroot":1,"stat.pickup.minecraft.chest":1}