{"stat.cakeSlicesEaten":4,"stat.craftItem.midnight.shadowroot_sword":1,"stat.mineBlock.midnight.shadowroot_crafting_table":1,"stat.useItem.harvestcraft.amaranthitem":3,"stat.mineBlock.minecraft.cobblestone":1,"stat.entityKilledBy.midnight.rifter":1,"stat.swimOneCm":4907,"stat.pickup.zawa.worm":3,"stat.climbOneCm":174,"stat.pickup.harvestcraft.artichokeitem":4,"stat.craftItem.midnight.dark_stick":8,"stat.mineBlock.midnight.nightstone":17,"stat.pickup.chococraft.chocobo_drumstick_raw":1,"stat.useItem.minecraft.dirt":5,"stat.useItem.chococraft.gysahl_green":1,"stat.drop.biomesoplenty.berries":1,"stat.pickup.midnight.deceitful_moss":1,"stat.useItem.minecraft.stone_slab2":17,"stat.useItem.midnight.nightstone_axe":3,"stat.useItem.harvestcraft.barleyitem":1,"stat.useItem.harvestcraft.wintersquashitem":3,"stat.craftItem.minecraft.furnace":1,"stat.useItem.chococraft.chocobo_drumstick_raw":1,"stat.pickup.tropicraft.flower":3,"stat.craftItem.minecraft.iron_boots":1,"stat.pickup.midnight.deceitful_mud":8,"stat.craftItem.minecraft.stone_pickaxe":1,"stat.pickup.harvestcraft.wintersquashitem":7,"stat.pickup.minecraft.cobblestone":39,"stat.mineBlock.zawa.ostritch_fern":2,"stat.pickup.midnight.shadowroot_log":5,"stat.mineBlock.chisel.limestone2":4,"stat.flyOneCm":351314,"stat.mineBlock.zawa.legume":1,"stat.drop.minecraft.wheat_seeds":1,"stat.mineBlock.minecraft.iron_ore":30,"stat.timeSinceDeath":18451,"stat.useItem.harvestcraft.peanutitem":1,"stat.pickup.chococraft.lovely_gysahl_green":1,"stat.craftItem.minecraft.wooden_pickaxe":1,"stat.killEntity.midnight.rifter":9,"stat.useItem.midnight.shadowroot_sword":43,"stat.mineBlock.biomesoplenty.log_2":4,"stat.mineBlock.midnight.shadowroot_log":5,"stat.pickup.harvestcraft.onionitem":4,"stat.useItem.minecraft.potato":5,"stat.useItem.harvestcraft.cornitem":3,"stat.pickup.zawa.golden_sparks":1,"stat.mineBlock.chisel.marble2":2,"stat.pickup.minecraft.stonebrick":5,"stat.furnaceInteraction":10,"stat.pickup.harvestcraft.cornitem":3,"stat.mineBlock.minecraft.coal_ore":52,"stat.mineBlock.futuremc.cornflower":1,"stat.talkedToVillager":1,"stat.pickup.minecraft.wooden_sword":1,"stat.killEntity.midnight.nightstag":1,"stat.pickup.midnight.shadowroot_planks":6,"stat.pickup.zawa.large_meat_raw":2,"stat.entityKilledBy.Skeleton":1,"stat.mineBlock.harvestcraft.windygarden":29,"stat.pickup.biomesoplenty.flower_1":1,"stat.craftItem.futuremc.dye":1,"stat.sprintOneCm":345509,"stat.drop.minecraft.leather":2,"stat.mineBlock.biomesoplenty.flower_0":2,"stat.craftItem.midnight.nightstone_sword":1,"stat.craftItem.minecraft.stick":12,"stat.drop.harvestcraft.barleyitem":4,"stat.craftItem.midnight.shadowroot_planks":20,"stat.pickup.harvestcraft.barleyitem":5,"stat.mineBlock.astralsorcery.blockmarble":4,"stat.useItem.minecraft.carrot":90,"stat.useItem.minecraft.wheat":3,"stat.mineBlock.ic2.leaves":2,"stat.pickup.midnight.shadowroot_crafting_table":2,"stat.pickup.chococraft.gysahl_green_seeds":22,"stat.mineBlock.midnight.suavis":2,"stat.pickup.harvestcraft.mustardseedsitem":3,"stat.deaths":2,"stat.drop":15,"stat.pickup.harvestcraft.flaxitem":3,"stat.playOneMinute":78453,"stat.mineBlock.midnight.rockshroom":23,"stat.useItem.minecraft.wooden_sword":61,"stat.drop.tombstone.grave_key":1,"stat.pickup.tombstone.grave_key":1,"stat.useItem.midnight.nightstone_sword":101,"stat.killEntity.Zombie":1,"stat.pickup.zawa.care_guide":1,"stat.craftItem.minecraft.dye":2,"stat.pickup.minecraft.iron_bars":3,"stat.pickup.midnight.nightstone":16,"stat.pickup.chisel.marble2":1,"stat.mineBlock.minecraft.tallgrass":15,"stat.diveOneCm":7135,"stat.pickup.minecraft.wheat":5,"stat.chestOpened":1,"stat.useItem.minecraft.stone":1,"stat.pickup.harvestcraft.chilipepperitem":5,"stat.craftItem.biomesoplenty.planks_0":16,"stat.jump":1488,"stat.pickup.minecraft.coal":52,"stat.pickup.minecraft.iron_ingot":2,"stat.fallOneCm":39781,"stat.mineBlock.midnight.tall_midnight_grass":6,"stat.drop.minecraft.dye":2,"stat.pickup.minecraft.carrot":90,"stat.useItem.harvestcraft.chilipepperitem":2,"stat.crouchOneCm":52,"stat.pickup.harvestcraft.peanutitem":1,"stat.craftItem.minecraft.torch":28,"stat.craftItem.minecraft.iron_ingot":30,"stat.useItem.harvestcraft.bellpepperitem":6,"stat.craftItem.minecraft.iron_helmet":1,"stat.pickup.minecraft.dirt":11,"stat.pickup.harvestcraft.bellpepperitem":7,"stat.mineBlock.tropicraft.flower":3,"stat.craftingTableInteraction":3,"stat.pickup.minecraft.iron_ore":30,"stat.mineBlock.minecraft.iron_bars":4,"stat.mineBlock.midnight.midnight_dirt":1,"stat.mineBlock.minecraft.log2":1,"stat.damageTaken":1878,"stat.pickup.minecraft.leather":2,"stat.pickup.zawa.ostritch_fern":2,"stat.mineBlock.midnight.deceitful_moss":1,"stat.useItem.harvestcraft.flaxitem":2,"stat.mineBlock.minecraft.red_flower":1,"stat.useItem.minecraft.wooden_pickaxe":51,"stat.pickup.midnight.shadowroot_sword":2,"stat.craftItem.minecraft.wooden_sword":1,"stat.mineBlock.biomesoplenty.plant_0":74,"stat.useItem.harvestcraft.mustardseedsitem":2,"stat.drop.harvestcraft.cucumberitem":2,"stat.pickup.minecraft.dye":2,"stat.pickup.minecraft.planks":1,"stat.useItem.harvestcraft.lettuceitem":4,"stat.pickup.chisel.limestone2":4,"stat.drop.chococraft.gysahl_green":1,"tombstone:undead_killed":1,"stat.pickup.minecraft.wheat_seeds":15,"stat.pickup.minecraft.potato":5,"stat.drop.chococraft.lovely_gysahl_green":1,"stat.craftItem.midnight.nightstone_axe":1,"stat.useItem.minecraft.stone_pickaxe":131,"stat.craftItem.minecraft.iron_leggings":1,"stat.damageDealt":5051,"stat.pickup.harvestcraft.lettuceitem":5,"stat.pickup.chococraft.gysahl_green":13,"stat.useItem.biomesoplenty.berries":12,"stat.craftItem.midnight.nightstone_pickaxe":1,"stat.mineBlock.minecraft.dirt":11,"stat.pickup.midnight.raw_suavis":4,"stat.pickup.harvestcraft.elderberryitem":5,"stat.walkOneCm":103522,"stat.useItem.minecraft.torch":7,"stat.playerKills":1,"stat.drop.minecraft.wheat":2,"stat.pickup.minecraft.stick":4,"stat.craftItem.minecraft.crafting_table":2,"stat.pickup.zawa.legume":1,"stat.pickup.minecraft.log":1,"stat.mineBlock.zawa.golden_sparks":1,"stat.useItem.tombstone.gift":1,"stat.mineBlock.tropicraft.bamboo_shoot":1,"stat.useItem.midnight.nightstone_pickaxe":27,"stat.pickup.minecraft.stone":5,"stat.craftItem.minecraft.iron_chestplate":1,"stat.mineBlock.zawa.bellflowers":2,"stat.pickup.minecraft.beetroot":1,"stat.pickup.harvestcraft.parsnipitem":7,"stat.pickup.harvestcraft.amaranthitem":3,"stat.mineBlock.minecraft.stonebrick":9,"stat.pickup.biomesoplenty.log_2":4,"stat.craftItem.minecraft.planks":4,"stat.useItem.harvestcraft.parsnipitem":5,"stat.pickup.futuremc.cornflower":1,"stat.pickup.harvestcraft.cucumberitem":5,"stat.useItem.zawa.large_meat_raw":2,"stat.pickup.biomesoplenty.berries":13,"stat.pickup.midnight.rockshroom_clump":56,"stat.mobKills":21,"stat.pickup.midnight.deceitful_peat":1,"stat.craftItem.midnight.shadowroot_crafting_table":2,"stat.useItem.harvestcraft.elderberryitem":4,"stat.pickup.minecraft.beetroot_seeds":3,"stat.mineBlock.midnight.deceitful_mud":4,"stat.sneakTime":64,"stat.pickup.astralsorcery.blockmarble":4,"stat.mineBlock.midnight.deceitful_peat":6,"stat.mineBlock.minecraft.stone":45,"stat.mineBlock.midnight.bogweed":1,"stat.useItem.minecraft.beetroot":1}