{"stat.cakeSlicesEaten":4,"stat.chestOpened":1,"stat.craftItem.midnight.shadowroot_sword":1,"stat.useItem.minecraft.stone":1,"stat.useItem.harvestcraft.amaranthitem":1,"stat.mineBlock.minecraft.cobblestone":1,"stat.pickup.harvestcraft.chilipepperitem":2,"stat.craftItem.biomesoplenty.planks_0":16,"stat.jump":631,"stat.swimOneCm":4584,"stat.pickup.zawa.worm":1,"stat.pickup.minecraft.coal":52,"stat.climbOneCm":174,"stat.fallOneCm":12992,"stat.pickup.minecraft.iron_ingot":2,"stat.craftItem.midnight.dark_stick":8,"stat.pickup.minecraft.carrot":86,"stat.useItem.harvestcraft.chilipepperitem":2,"stat.pickup.harvestcraft.peanutitem":1,"stat.craftItem.minecraft.torch":28,"stat.craftItem.minecraft.iron_ingot":29,"stat.useItem.harvestcraft.bellpepperitem":6,"stat.pickup.minecraft.dirt":7,"stat.useItem.minecraft.dirt":4,"stat.drop.biomesoplenty.berries":1,"stat.pickup.midnight.deceitful_moss":1,"stat.useItem.minecraft.stone_slab2":13,"stat.pickup.harvestcraft.bellpepperitem":6,"stat.craftingTableInteraction":3,"stat.pickup.minecraft.iron_ore":30,"stat.craftItem.minecraft.furnace":1,"stat.mineBlock.minecraft.iron_bars":4,"stat.craftItem.minecraft.iron_boots":1,"stat.damageTaken":980,"stat.mineBlock.midnight.deceitful_moss":1,"stat.useItem.harvestcraft.flaxitem":2,"stat.craftItem.minecraft.stone_pickaxe":1,"stat.useItem.minecraft.wooden_pickaxe":22,"stat.pickup.harvestcraft.wintersquashitem":2,"stat.pickup.minecraft.cobblestone":39,"stat.craftItem.minecraft.wooden_sword":1,"stat.mineBlock.biomesoplenty.plant_0":27,"stat.useItem.harvestcraft.mustardseedsitem":1,"stat.pickup.midnight.shadowroot_log":5,"stat.pickup.minecraft.planks":1,"stat.useItem.harvestcraft.lettuceitem":3,"stat.mineBlock.chisel.limestone2":4,"stat.pickup.chisel.limestone2":4,"stat.flyOneCm":138874,"stat.drop.chococraft.gysahl_green":1,"tombstone:undead_killed":1,"stat.pickup.minecraft.wheat_seeds":7,"stat.pickup.minecraft.potato":2,"stat.drop.chococraft.lovely_gysahl_green":1,"stat.useItem.minecraft.stone_pickaxe":131,"stat.damageDealt":1511,"stat.mineBlock.minecraft.iron_ore":30,"stat.timeSinceDeath":22428,"stat.pickup.harvestcraft.lettuceitem":3,"stat.pickup.chococraft.gysahl_green":1,"stat.useItem.harvestcraft.peanutitem":1,"stat.useItem.biomesoplenty.berries":12,"stat.pickup.chococraft.lovely_gysahl_green":1,"stat.mineBlock.minecraft.dirt":7,"stat.craftItem.minecraft.wooden_pickaxe":1,"stat.pickup.harvestcraft.elderberryitem":2,"stat.killEntity.midnight.rifter":3,"stat.useItem.midnight.shadowroot_sword":3,"stat.mineBlock.biomesoplenty.log_2":4,"stat.walkOneCm":52523,"stat.useItem.minecraft.torch":7,"stat.playerKills":1,"stat.mineBlock.midnight.shadowroot_log":5,"stat.pickup.minecraft.stick":4,"stat.pickup.harvestcraft.onionitem":1,"stat.useItem.minecraft.potato":2,"stat.useItem.harvestcraft.cornitem":2,"stat.mineBlock.chisel.marble2":2,"stat.pickup.minecraft.stonebrick":5,"stat.craftItem.minecraft.crafting_table":2,"stat.furnaceInteraction":9,"stat.pickup.harvestcraft.cornitem":2,"stat.mineBlock.minecraft.coal_ore":52,"stat.talkedToVillager":1,"stat.pickup.minecraft.wooden_sword":1,"stat.pickup.minecraft.log":1,"stat.useItem.tombstone.gift":1,"stat.pickup.zawa.large_meat_raw":1,"stat.entityKilledBy.Skeleton":1,"stat.mineBlock.harvestcraft.windygarden":12,"stat.mineBlock.tropicraft.bamboo_shoot":1,"stat.pickup.minecraft.stone":5,"stat.craftItem.minecraft.iron_chestplate":1,"stat.sprintOneCm":157097,"stat.craftItem.minecraft.stick":12,"stat.pickup.minecraft.beetroot":1,"stat.pickup.harvestcraft.parsnipitem":3,"stat.craftItem.midnight.shadowroot_planks":20,"stat.pickup.harvestcraft.amaranthitem":1,"stat.mineBlock.minecraft.stonebrick":9,"stat.pickup.biomesoplenty.log_2":4,"stat.craftItem.minecraft.planks":4,"stat.useItem.harvestcraft.parsnipitem":3,"stat.pickup.harvestcraft.cucumberitem":1,"stat.pickup.biomesoplenty.berries":13,"stat.mineBlock.astralsorcery.blockmarble":4,"stat.useItem.minecraft.carrot":27,"stat.useItem.minecraft.wheat":3,"stat.mineBlock.ic2.leaves":2,"stat.mobKills":6,"stat.pickup.chococraft.gysahl_green_seeds":3,"stat.pickup.harvestcraft.mustardseedsitem":2,"stat.deaths":1,"stat.craftItem.midnight.shadowroot_crafting_table":1,"stat.drop":3,"stat.useItem.harvestcraft.elderberryitem":1,"stat.pickup.minecraft.beetroot_seeds":3,"stat.pickup.harvestcraft.flaxitem":2,"stat.playOneMinute":41553,"stat.useItem.minecraft.wooden_sword":61,"stat.sneakTime":20,"stat.pickup.astralsorcery.blockmarble":4,"stat.killEntity.Zombie":1,"stat.pickup.zawa.care_guide":1,"stat.pickup.minecraft.iron_bars":3,"stat.mineBlock.minecraft.stone":45,"stat.pickup.chisel.marble2":1,"stat.mineBlock.minecraft.tallgrass":4,"stat.useItem.minecraft.beetroot":1,"stat.diveOneCm":7135,"stat.pickup.minecraft.wheat":3}