{"stat.pickup.astralsorcery.itemjournal":1,"stat.walkOneCm":10391,"stat.useItem.futuremc.netherite_sword":18,"stat.pickup.minecraft.gravel":1,"stat.damageTaken":240,"stat.pickup.minecraft.cobblestone":1,"stat.mobKills":1,"stat.drop.ic2.te":1,"stat.flyOneCm":169850,"stat.drop":6,"stat.jump":83,"stat.swimOneCm":1595,"stat.playOneMinute":12525,"stat.fallOneCm":894,"stat.sneakTime":200,"stat.drop.minecraft.redstone_block":1,"stat.damageDealt":265,"stat.crouchOneCm":35,"stat.pickup.zawa.care_guide":2,"stat.timeSinceDeath":12525,"stat.drop.astralsorcery.itemjournal":2,"stat.drop.zawa.care_guide":2,"stat.sprintOneCm":2010,"stat.pickup.mowziesmobs.naga_fang":1,"stat.useItem.minecraft.stone_slab2":27,"stat.diveOneCm":2682}