{"stat.useItem.minecraft.string":1,"stat.pickup.minecraft.bone":2,"stat.pickup.minecraft.arrow":3,"stat.mineBlock.minecraft.cobblestone":4,"stat.mineBlock.ebwizardry.crystal_flower":1,"stat.pickup.midnight.raw_stag_flank":3,"stat.mineBlock.ic2.rubber_wood":3,"stat.useItem.midnight.unstable_fruit_blue":2,"stat.pickup.midnight.unstable_fruit_blue":15,"stat.craftItem.biomesoplenty.planks_0":32,"stat.pickup.midnight.bladeshroom_cap":1,"stat.drop.midnight.dark_stick":4,"stat.jump":2056,"stat.swimOneCm":9431,"stat.pickup.minecraft.coal":169,"stat.fallOneCm":71975,"stat.craftItem.minecraft.shield":1,"stat.useItem.minecraft.planks":1,"stat.mineBlock.midnight.tall_midnight_grass":8,"stat.craftItem.midnight.dark_stick":4,"stat.drop.minecraft.feather":2,"stat.useItem.minecraft.stone_axe":31,"stat.crouchOneCm":10074,"stat.pickup.midnight.nightshroom_planks":6,"stat.pickup.minecraft.spider_eye":1,"stat.craftItem.minecraft.iron_ingot":65,"stat.craftItem.minecraft.torch":52,"stat.drop.oreberries.aluminum_oreberry_bush":2,"stat.pickup.minecraft.dirt":35,"stat.useItem.minecraft.dirt":2,"stat.useItem.tropicraft.bamboo_shoot":2,"stat.craftItem.minecraft.iron_helmet":1,"stat.useItem.chococraft.gysahl_green":11,"stat.useItem.biomesoplenty.plant_1":6,"stat.useItem.minecraft.stone_slab2":15,"stat.useItem.minecraft.cooked_chicken":4,"stat.useItem.minecraft.water_bucket":1,"stat.craftingTableInteraction":27,"stat.pickup.minecraft.iron_ore":82,"stat.pickup.minecraft.rotten_flesh":5,"stat.craftItem.minecraft.furnace":3,"stat.mineBlock.ic2.resource":2,"stat.pickup.zawa.carnivore_meat_raw":5,"stat.useItem.minecraft.egg":1,"stat.craftItem.minecraft.stone_axe":1,"stat.craftItem.minecraft.iron_boots":1,"stat.pickup.minecraft.feather":5,"stat.damageTaken":1875,"stat.drop.midnight.bladeshroom_spores":1,"stat.craftItem.futuremc.smooth_stone":3,"stat.drop.minecraft.bone":2,"stat.craftItem.minecraft.stone_pickaxe":1,"stat.mineBlock.minecraft.torch":5,"stat.mineBlock.minecraft.furnace":1,"stat.pickup.oreberries.aluminum_oreberry":4,"stat.useItem.minecraft.wooden_pickaxe":3,"stat.mineBlock.oreberries.aluminum_oreberry_bush":2,"stat.pickup.minecraft.cobblestone":80,"stat.mineBlock.biomesoplenty.double_plant":1,"stat.mineBlock.biomesoplenty.plant_0":32,"stat.pickup.ebwizardry.crystal_flower":1,"stat.pickup.ic2.rubber_wood":3,"stat.pickup.oreberries.essence_oreberry_bush":1,"stat.pickup.minecraft.planks":1,"stat.pickup.biomesoplenty.plant_1":2,"stat.mineBlock.chisel.limestone2":1,"stat.craftItem.minecraft.stone_sword":1,"stat.pickup.chisel.limestone2":1,"stat.flyOneCm":360912,"stat.drop.tropicraft.bamboo_shoot":7,"stat.pickup.biomesoplenty.mushroom":5,"tombstone:undead_killed":13,"stat.pickup.minecraft.wheat_seeds":5,"stat.drop.minecraft.wheat_seeds":4,"stat.drop.harvestcraft.mustardseedsitem":1,"stat.drop.midnight.bladeshroom_cap":1,"stat.useItem.ic2.rubber_wood":2,"stat.useItem.minecraft.stone_pickaxe":133,"stat.useItem.minecraft.stone_sword":93,"stat.craftItem.minecraft.iron_leggings":1,"stat.craftItem.midnight.nightshroom_planks":12,"stat.damageDealt":8455,"stat.useItem.zawa.carnivore_meat_cooked":5,"stat.mineBlock.minecraft.iron_ore":83,"stat.timeSinceDeath":12363,"stat.pickup.chococraft.gysahl_green":11,"stat.pickup.tropicraft.bamboo_shoot":9,"stat.useItem.biomesoplenty.berries":20,"stat.mineBlock.minecraft.dirt":5,"stat.pickup.chococraft.lovely_gysahl_green":1,"stat.useItem.minecraft.iron_pickaxe":175,"stat.drop.midnight.double_lumen_bud":1,"stat.craftItem.minecraft.wooden_pickaxe":1,"stat.mineBlock.midnight.double_midnight_grass":4,"stat.craftItem.minecraft.iron_sword":1,"stat.killEntity.midnight.rifter":1,"stat.mineBlock.biomesoplenty.log_2":8,"stat.craftItem.ebwizardry.magic_crystal":2,"stat.walkOneCm":125588,"stat.useItem.minecraft.torch":50,"stat.drop.tombstone.crafting_ingredient":1,"stat.pickup.minecraft.stick":1,"stat.mineBlock.midnight.nightshroom_stem":3,"stat.pickup.minecraft.crafting_table":1,"stat.useItem.minecraft.cobblestone":43,"stat.craftItem.minecraft.crafting_table":2,"stat.furnaceInteraction":47,"stat.mineBlock.botania.flower":1,"stat.mineBlock.minecraft.coal_ore":130,"stat.useItem.biomesoplenty.mushroom":2,"stat.pickup.midnight.unstable_fruit_lime":27,"stat.pickup.minecraft.log":11,"stat.pickup.minecraft.string":3,"stat.killEntity.midnight.nightstag":3,"stat.craftItem.zawa.large_meat_cooked":1,"stat.useItem.tombstone.gift":1,"stat.pickup.zawa.large_meat_raw":3,"stat.pickup.minecraft.furnace":1,"stat.pickup.tombstone.crafting_ingredient":1,"stat.entityKilledBy.Skeleton":1,"stat.craftItem.minecraft.stone_slab2":0,"stat.mineBlock.tropicraft.bamboo_shoot":1,"stat.mineBlock.harvestcraft.windygarden":1,"stat.craftItem.minecraft.iron_chestplate":1,"stat.pickup.minecraft.chicken":4,"stat.pickup.minecraft.sapling":1,"stat.useItem.zawa.large_meat_cooked":1,"stat.sprintOneCm":154017,"stat.pickup.oreberries.aluminum_oreberry_bush":4,"stat.mineBlock.midnight.midnight_grass":1,"stat.craftItem.minecraft.stick":24,"stat.drop.chococraft.gysahl_green_seeds":38,"stat.pickup.ic2.resource":2,"stat.entityKilledBy.midnight.hunter":1,"stat.pickup.midnight.bladeshroom_spores":1,"stat.killEntity.Skeleton":3,"stat.craftItem.minecraft.bucket":1,"stat.craftItem.minecraft.planks":32,"stat.pickup.biomesoplenty.log_2":8,"stat.useItem.minecraft.iron_sword":76,"stat.craftItem.minecraft.stone":3,"stat.killEntity.Chicken":4,"stat.mineBlock.biomesoplenty.mushroom":6,"stat.craftItem.zawa.carnivore_meat_cooked":5,"stat.useItem.zawa.large_meat_raw":2,"stat.killEntity.Spider":5,"stat.mineBlock.minecraft.crafting_table":1,"stat.pickup.biomesoplenty.berries":20,"stat.pickup.midnight.rockshroom_clump":7,"stat.pickup.midnight.midnight_dirt":1,"stat.pickup.midnight.nightshroom_stem":3,"stat.mobKills":35,"stat.useItem.midnight.unstable_fruit_lime":5,"stat.mineBlock.minecraft.log":8,"stat.pickup.chococraft.gysahl_green_seeds":38,"stat.pickup.midnight.deceitful_peat":8,"stat.craftItem.minecraft.cooked_chicken":4,"stat.pickup.harvestcraft.mustardseedsitem":1,"stat.deaths":4,"stat.craftItem.midnight.shadowroot_crafting_table":1,"stat.mineBlock.minecraft.planks":1,"stat.craftItem.futuremc.blast_furnace":1,"stat.drop":19,"stat.mineBlock.minecraft.leaves":19,"stat.pickup.minecraft.egg":1,"stat.pickup.midnight.double_lumen_bud":1,"stat.playOneMinute":67877,"stat.mineBlock.midnight.rockshroom":3,"stat.pickup.minecraft.torch":6,"stat.drop.minecraft.string":1,"stat.sneakTime":4374,"stat.craftItem.minecraft.iron_pickaxe":1,"stat.mineBlock.oreberries.essence_oreberry_bush":1,"stat.killEntity.Zombie":10,"stat.pickup.zawa.care_guide":1,"stat.drop.zawa.care_guide":1,"stat.mineBlock.midnight.deceitful_peat":4,"stat.mineBlock.minecraft.stone":78,"stat.mineBlock.minecraft.tallgrass":8,"stat.diveOneCm":11002}