{"stat.leaveGame":9,"stat.drop.minecraft.gunpowder":2,"stat.pickup.tombstone.familiar_stone":2,"stat.useItem.zawa.bird_meat_cooked":2,"stat.pickup.ebwizardry.spell_book":2,"stat.mineBlock.minecraft.sandstone":1,"stat.craftItem.minecraft.shield":1,"stat.mineBlock.minecraft.web":11,"stat.drop.minecraft.feather":2,"stat.pickup.minecraft.rotten_flesh":30,"stat.pickup.zawa.pangolin_scale":1,"stat.craftItem.minecraft.stone_axe":1,"stat.mineBlock.oreberries.aluminum_oreberry_bush":2,"stat.drop.tropicraft.bamboo_shoot":7,"stat.pickup.biomesoplenty.mushroom":5,"stat.craftItem.minecraft.iron_shovel":1,"stat.useItem.zawa.carnivore_meat_cooked":11,"stat.pickup.tropicraft.bamboo_shoot":9,"stat.useItem.minecraft.iron_pickaxe":757,"stat.craftItem.minecraft.wooden_pickaxe":1,"stat.drop.harvestcraft.cactusfruititem":1,"stat.killEntity.midnight.rifter":2,"stat.useItem.minecraft.iron_shovel":60,"stat.pickup.zawa.golden_sparks":4,"stat.mineBlock.chisel.marble2":6,"stat.mineBlock.minecraft.vine":6,"stat.furnaceInteraction":67,"stat.drop.minecraft.gravel":1,"stat.mineBlock.botania.flower":3,"stat.killEntity.ZombieVillager":3,"stat.useItem.biomesoplenty.mushroom":2,"stat.pickup.midnight.unstable_fruit_lime":49,"stat.pickup.minecraft.beef":5,"stat.pickup.zawa.large_meat_raw":5,"stat.craftItem.chococraft.chocobo_drumstick_cooked":15,"stat.craftItem.zawa.bird_meat_cooked":2,"stat.pickup.minecraft.hay_block":1,"stat.pickup.biomesoplenty.flower_1":5,"stat.pickup.biomesoplenty.flower_0":1,"stat.drop.minecraft.stone_pressure_plate":6,"stat.pickup.minecraft.potion":2,"stat.pickup.mowziesmobs.barakoa_mask_rage":1,"stat.craftItem.zawa.carnivore_meat_cooked":11,"stat.killEntity.Husk":5,"stat.deaths":10,"stat.craftItem.futuremc.blast_furnace":2,"stat.pickup.zawa.fur":4,"stat.pickup.minecraft.egg":1,"stat.mineBlock.minecraft.stone_pressure_plate":6,"stat.drop.chococraft.chocobo_drumstick_cooked":2,"stat.craftItem.minecraft.iron_pickaxe":4,"stat.pickup.zawa.care_guide":1,"stat.drop.minecraft.glass_bottle":8,"stat.pickup.chisel.marble2":5,"stat.mineBlock.minecraft.tallgrass":41,"stat.craftItem.minecraft.cooked_mutton":6,"stat.chestOpened":38,"stat.pickup.botania.mushroom":1,"stat.pickup.minecraft.arrow":34,"stat.pickup.midnight.unstable_fruit_blue":15,"stat.mineBlock.botania.mushroom":1,"stat.pickup.minecraft.carrot":5,"stat.crouchOneCm":24026,"stat.craftItem.minecraft.iron_ingot":95,"stat.useItem.biomesoplenty.plant_1":6,"stat.craftingTableInteraction":62,"stat.mineBlock.minecraft.log2":8,"stat.mineBlock.biomesoplenty.mud":1,"stat.mineBlock.biomesoplenty.plant_1":2,"stat.mineBlock.biomesoplenty.plant_0":119,"stat.pickup.minecraft.planks":7,"stat.pickup.biomesoplenty.plant_1":3,"stat.pickup.chisel.limestone2":1,"stat.pickup.minecraft.wheat_seeds":36,"stat.mineBlock.biomesoplenty.gem_ore":1,"stat.pickup.zawa.bush_meat_raw":3,"stat.mineBlock.minecraft.dirt":7,"stat.useItem.minecraft.bread":2,"stat.drop.minecraft.rotten_flesh":14,"stat.useItem.minecraft.cobblestone":157,"stat.mineBlock.minecraft.double_plant":3,"stat.pickup.futuremc.blast_furnace":3,"stat.craftItem.minecraft.gold_ingot":10,"stat.pickup.minecraft.chicken":4,"stat.pickup.minecraft.apple":1,"stat.craftItem.minecraft.bucket":1,"stat.craftItem.minecraft.planks":92,"stat.useItem.minecraft.iron_sword":520,"stat.pickup.biomesoplenty.berries":59,"stat.pickup.midnight.rockshroom_clump":7,"stat.drop.biomesoplenty.flower_0":1,"stat.drop.biomesoplenty.flower_1":5,"stat.pickup.minecraft.book":1,"stat.mineBlock.minecraft.log":28,"stat.pickup.minecraft.red_flower":2,"stat.pickup.minecraft.wool":4,"stat.cakeSlicesEaten":4,"stat.useItem.minecraft.iron_axe":59,"stat.mineBlock.minecraft.cobblestone":32,"stat.mineBlock.minecraft.pumpkin":1,"stat.drop.zawa.rat_cooked":1,"stat.pickup.minecraft.flint":2,"stat.craftItem.minecraft.wool":6,"stat.pickup.midnight.nightshroom_planks":6,"stat.pickup.harvestcraft.cactusfruititem":1,"stat.useItem.chococraft.gysahl_green":21,"stat.useItem.minecraft.stone_slab2":46,"stat.pickup.minecraft.bow":1,"stat.craftItem.minecraft.furnace":5,"stat.useItem.minecraft.egg":1,"stat.craftItem.minecraft.iron_boots":2,"stat.craftItem.zawa.rat_cooked":1,"stat.drop.midnight.bladeshroom_spores":1,"stat.craftItem.futuremc.smooth_stone":6,"stat.craftItem.minecraft.cooked_beef":5,"stat.flyOneCm":1274384,"stat.pickup.minecraft.sandstone":1,"stat.drop.harvestcraft.mustardseedsitem":1,"stat.timeSinceDeath":20699,"stat.pickup.chococraft.lovely_gysahl_green":2,"stat.drop.minecraft.spider_eye":1,"stat.mineBlock.midnight.double_midnight_grass":4,"stat.pickup.futuremc.smoker":6,"stat.craftItem.ebwizardry.magic_crystal":2,"stat.pickup.travelersbackpack.travelers_backpack":2,"stat.useItem.minecraft.potato":14,"stat.pickup.minecraft.chainmail_helmet":1,"stat.mineBlock.minecraft.coal_ore":247,"stat.talkedToVillager":4,"stat.pickup.minecraft.string":47,"stat.killEntity.midnight.nightstag":3,"stat.pickup.tombstone.crafting_ingredient":8,"stat.entityKilledBy.Skeleton":2,"stat.pickup.zawa.reptile_meat_raw":1,"stat.sprintOneCm":580417,"stat.mineBlock.biomesoplenty.flower_1":3,"stat.mineBlock.biomesoplenty.flower_0":1,"stat.killEntity.ebwizardry:evil_wizard":3,"stat.pickup.ic2.resource":2,"stat.useItem.tombstone.magic_scroll":3,"stat.craftItem.chococraft.chocobo_saddle":1,"stat.mineBlock.biomesoplenty.mushroom":6,"stat.mineBlock.harvestcraft.pamapple":1,"stat.pickup.mowziesmobs.barakoa_mask_fear":4,"stat.pickup.harvestcraft.mustardseedsitem":1,"stat.pickup.midnight.double_lumen_bud":1,"stat.mineBlock.midnight.rockshroom":3,"stat.pickup.ebwizardry.ruined_spell_book":1,"stat.killEntity.Zombie":54,"stat.craftItem.minecraft.dye":5,"stat.mineBlock.minecraft.gold_ore":15,"stat.diveOneCm":40129,"stat.pickup.minecraft.wheat":1,"stat.craftItem.minecraft.cooked_porkchop":21,"stat.jump":6356,"stat.pickup.minecraft.coal":515,"stat.pickup.minecraft.iron_ingot":3,"stat.pickup.minecraft.gunpowder":2,"stat.craftItem.minecraft.torch":160,"stat.pickup.minecraft.dirt":63,"stat.useItem.tropicraft.bamboo_shoot":2,"stat.pickup.minecraft.gold_ore":15,"stat.mineBlock.harvestcraft.aridgarden":1,"stat.damageTaken":6444,"stat.pickup.ebwizardry.scroll":5,"stat.mineBlock.minecraft.torch":10,"stat.pickup.oreberries.aluminum_oreberry":4,"stat.mineBlock.minecraft.red_flower":2,"stat.pickup.ebwizardry.crystal_flower":1,"stat.pickup.minecraft.log2":10,"stat.pickup.ic2.rubber_wood":3,"stat.pickup.oreberries.essence_oreberry_bush":1,"stat.pickup.minecraft.quartz_block":8,"stat.pickup.minecraft.potato":33,"stat.craftItem.midnight.nightshroom_planks":12,"stat.pickup.chococraft.gysahl_green":21,"stat.killEntity.Silverfish":9,"stat.drop.midnight.double_lumen_bud":1,"stat.useItem.minecraft.chest":1,"stat.useItem.minecraft.lava_bucket":1,"stat.mineBlock.biomesoplenty.planks_0":1,"stat.mineBlock.futuremc.smoker":6,"stat.craftItem.minecraft.wheat":9,"stat.useItem.tombstone.gift":1,"stat.pickup.mowziesmobs.barako_mask":1,"stat.craftItem.minecraft.iron_chestplate":2,"stat.useItem.zawa.large_meat_cooked":3,"stat.mineBlock.midnight.midnight_grass":1,"stat.killEntity.Stray":1,"stat.craftItem.travelersbackpack.sleeping_bag_bottom":1,"stat.mineBlock.minecraft.tnt":6,"stat.pickup.biomesoplenty.gem":1,"stat.mineBlock.minecraft.stonebrick":4,"stat.craftItem.ebwizardry.crystal_shard":188,"stat.mineBlock.waystones.waystone":1,"stat.mobKills":221,"stat.pickup.midnight.deceitful_peat":8,"stat.craftItem.minecraft.shears":1,"stat.pickup.minecraft.beetroot_seeds":13,"stat.pickup.minecraft.torch":18,"stat.drop.minecraft.quartz_block":3,"stat.mineBlock.oreberries.tin_oreberry_bush":2,"stat.drop.minecraft.stone_axe":1,"stat.drop.minecraft.arrow":11,"stat.useItem.minecraft.string":1,"stat.mineBlock.ebwizardry.crystal_flower":1,"stat.pickup.midnight.raw_stag_flank":3,"stat.craftItem.minecraft.iron_axe":1,"stat.mineBlock.ic2.rubber_wood":3,"stat.drop.midnight.dark_stick":4,"stat.craftItem.zawa.bush_meat_cooked":2,"stat.useItem.minecraft.planks":1,"stat.craftItem.midnight.dark_stick":4,"stat.pickup.minecraft.porkchop":21,"stat.pickup.minecraft.glass":22,"stat.useItem.minecraft.water_bucket":49,"stat.pickup.minecraft.sand":57,"stat.craftItem.minecraft.stone_sword":1,"stat.pickup.mowziesmobs.barakoa_mask_misery":2,"stat.mineBlock.minecraft.sand":58,"stat.trappedChestTriggered":5,"stat.mineBlock.midnight.nightshroom_stem":3,"stat.pickup.zawa.thick_fur":1,"stat.pickup.minecraft.furnace":3,"stat.useItem.minecraft.cooked_mutton":9,"stat.mineBlock.harvestcraft.windygarden":1,"stat.craftItem.travelersbackpack.travelers_backpack":1,"stat.pickup.minecraft.iron_chestplate":1,"stat.pickup.minecraft.skull":2,"stat.pickup.tombstone.magic_scroll":3,"stat.useItem.midnight.unstable_fruit_lime":5,"stat.playOneMinute":235783,"stat.drop.minecraft.string":1,"stat.pickup.minecraft.iron_bars":12,"stat.pickup.minecraft.pumpkin":1,"stat.craftItem.futuremc.smoker":2,"stat.useItem.midnight.unstable_fruit_blue":2,"stat.craftItem.biomesoplenty.planks_0":32,"stat.fallOneCm":212991,"stat.mineBlock.midnight.tall_midnight_grass":8,"stat.drop.minecraft.stone":26,"stat.craftItem.minecraft.chest":3,"stat.mineBlock.ic2.resource":2,"stat.pickup.minecraft.feather":8,"stat.drop.minecraft.bone":6,"stat.pickup.minecraft.iron_leggings":1,"stat.drop.midnight.bladeshroom_cap":1,"stat.useItem.ic2.rubber_wood":2,"stat.mineBlock.minecraft.gravel":17,"stat.useItem.minecraft.stone_pickaxe":133,"stat.pickup.waystones.waystone":1,"stat.useItem.minecraft.stone_sword":93,"stat.craftItem.minecraft.iron_leggings":2,"stat.useItem.biomesoplenty.berries":59,"stat.craftItem.minecraft.leather":8,"stat.useItem.minecraft.torch":166,"stat.drop.tombstone.crafting_ingredient":1,"stat.pickup.minecraft.crafting_table":8,"stat.craftItem.minecraft.crafting_table":3,"stat.mineBlock.ebwizardry.crystal_ore":4,"stat.pickup.minecraft.log":31,"stat.useItem.zawa.bush_meat_cooked":2,"stat.pickup.biomesoplenty.planks_0":7,"stat.drop.minecraft.stonebrick":1,"stat.craftItem.zawa.large_meat_cooked":3,"stat.mineBlock.tropicraft.bamboo_shoot":1,"stat.drop.minecraft.planks":1,"stat.pickup.minecraft.chainmail_leggings":1,"stat.pickup.minecraft.sapling":4,"stat.pickup.minecraft.beetroot":4,"stat.useItem.zawa.large_meat_raw":2,"stat.killEntity.WitherSkeleton":4,"stat.craftItem.minecraft.cooked_chicken":4,"stat.useItem.minecraft.beetroot_seeds":9,"stat.sneakTime":10593,"stat.useItem.minecraft.baked_potato":2,"stat.mineBlock.midnight.deceitful_peat":4,"stat.pickup.minecraft.bone":53,"stat.pickup.minecraft.stone_pressure_plate":6,"stat.useItem.minecraft.log2":1,"stat.pickup.ebwizardry.ring_battlemage":1,"stat.mineBlock.minecraft.brown_mushroom":1,"stat.useItem.minecraft.diamond_sword":236,"stat.swimOneCm":45094,"stat.climbOneCm":3502,"stat.pickup.chococraft.chocobo_drumstick_raw":15,"stat.useItem.minecraft.dirt":37,"stat.pickup.zawa.bird_meat":4,"stat.useItem.chococraft.chocobo_drumstick_cooked":13,"stat.pickup.zawa.carnivore_meat_raw":11,"stat.craftItem.minecraft.stone_pickaxe":1,"stat.pickup.minecraft.cobblestone":284,"stat.mineBlock.biomesoplenty.double_plant":1,"stat.mineBlock.minecraft.carpet":1,"stat.mineBlock.chisel.limestone2":1,"stat.drop.minecraft.wheat_seeds":33,"stat.useItem.minecraft.cooked_beef":15,"stat.pickup.minecraft.redstone":40,"stat.mineBlock.minecraft.iron_ore":135,"stat.pickup.minecraft.mutton":6,"stat.mineBlock.biomesoplenty.log_2":8,"stat.drop.minecraft.iron_bars":8,"stat.pickup.minecraft.stonebrick":7,"stat.drop.minecraft.dirt":9,"stat.pickup.ebwizardry.magic_crystal":20,"stat.useItem.minecraft.cooked_porkchop":24,"stat.pickup.chococraft.chocobo_feather":3,"stat.craftItem.minecraft.stone_slab2":0,"stat.mineBlock.futuremc.blast_furnace":2,"stat.pickup.oreberries.aluminum_oreberry_bush":4,"stat.craftItem.minecraft.stick":72,"stat.drop.minecraft.potion":2,"stat.entityKilledBy.midnight.hunter":1,"stat.pickup.midnight.bladeshroom_spores":1,"stat.craftItem.minecraft.stone":6,"stat.mineBlock.minecraft.crafting_table":8,"stat.mineBlock.minecraft.quartz_block":50,"stat.pickup.midnight.midnight_dirt":1,"stat.useItem.minecraft.carrot":5,"stat.drop.zawa.golden_sparks":2,"stat.pickup.chococraft.gysahl_green_seeds":63,"stat.pickup.botania.flower":1,"stat.mineBlock.minecraft.planks":2,"stat.drop":97,"stat.killEntity.Sheep":4,"stat.mineBlock.oreberries.essence_oreberry_bush":1,"stat.pickup.minecraft.gravel":11,"stat.useItem.minecraft.apple":6,"stat.mineBlock.minecraft.deadbush":7,"stat.useItem.minecraft.potion":9,"stat.pickup.midnight.bladeshroom_cap":1,"stat.pickup.minecraft.diamond_sword":1,"stat.craftItem.travelersbackpack.backpack_tank":2,"stat.useItem.minecraft.stone_axe":51,"stat.pickup.minecraft.spider_eye":7,"stat.drop.oreberries.aluminum_oreberry_bush":2,"stat.craftItem.minecraft.iron_helmet":2,"stat.useItem.minecraft.cooked_chicken":9,"stat.pickup.minecraft.iron_ore":130,"stat.mineBlock.minecraft.iron_bars":10,"stat.mineBlock.minecraft.furnace":3,"stat.useItem.minecraft.wooden_pickaxe":3,"stat.killEntity.CaveSpider":5,"tombstone:undead_killed":103,"stat.damageDealt":41552,"stat.craftItem.minecraft.glass":35,"stat.sleepInBed":1,"stat.killEntity.Pig":9,"stat.craftItem.minecraft.iron_sword":2,"stat.pickup.zawa.rat_raw":1,"stat.walkOneCm":431329,"stat.drop.zawa.legume":1,"stat.pickup.minecraft.stick":6,"stat.pickup.zawa.legume":1,"stat.drop.minecraft.iron_chestplate":1,"stat.pickup.minecraft.stone":31,"stat.pickup.biomesoplenty.mudball":3,"stat.drop.chococraft.gysahl_green_seeds":46,"stat.killEntity.Skeleton":36,"stat.pickup.harvestcraft.amaranthitem":1,"stat.pickup.ebwizardry.crystal_shard":3,"stat.pickup.biomesoplenty.log_2":8,"stat.killEntity.Chicken":4,"stat.useItem.biomesoplenty.planks_0":11,"stat.killEntity.Spider":15,"stat.pickup.midnight.nightshroom_stem":3,"stat.craftItem.midnight.shadowroot_crafting_table":1,"stat.mineBlock.minecraft.leaves":29,"stat.mineBlock.minecraft.redstone_ore":8,"stat.mineBlock.minecraft.hay_block":1,"stat.drop.zawa.care_guide":1,"stat.mineBlock.minecraft.stone":290}