{"stat.useItem.minecraft.string":1,"stat.leaveGame":1,"stat.mineBlock.ebwizardry.crystal_flower":1,"stat.pickup.midnight.raw_stag_flank":3,"stat.pickup.tombstone.familiar_stone":2,"stat.mineBlock.ic2.rubber_wood":3,"stat.mineBlock.minecraft.sandstone":1,"stat.drop.midnight.dark_stick":4,"stat.craftItem.minecraft.shield":1,"stat.useItem.minecraft.planks":1,"stat.craftItem.midnight.dark_stick":4,"stat.drop.minecraft.feather":2,"stat.pickup.minecraft.porkchop":17,"stat.useItem.minecraft.water_bucket":6,"stat.pickup.minecraft.rotten_flesh":8,"stat.craftItem.minecraft.stone_axe":1,"stat.mineBlock.oreberries.aluminum_oreberry_bush":2,"stat.craftItem.minecraft.stone_sword":1,"stat.drop.tropicraft.bamboo_shoot":7,"stat.pickup.biomesoplenty.mushroom":5,"stat.useItem.zawa.carnivore_meat_cooked":10,"stat.pickup.tropicraft.bamboo_shoot":9,"stat.useItem.minecraft.iron_pickaxe":224,"stat.craftItem.minecraft.wooden_pickaxe":1,"stat.killEntity.midnight.rifter":2,"stat.mineBlock.midnight.nightshroom_stem":3,"stat.pickup.zawa.golden_sparks":3,"stat.furnaceInteraction":49,"stat.mineBlock.botania.flower":1,"stat.killEntity.ZombieVillager":1,"stat.useItem.biomesoplenty.mushroom":2,"stat.pickup.midnight.unstable_fruit_lime":27,"stat.pickup.zawa.thick_fur":1,"stat.pickup.zawa.large_meat_raw":3,"stat.pickup.minecraft.furnace":1,"stat.useItem.minecraft.cooked_mutton":6,"stat.craftItem.chococraft.chocobo_drumstick_cooked":10,"stat.mineBlock.harvestcraft.windygarden":1,"stat.pickup.biomesoplenty.flower_1":5,"stat.pickup.biomesoplenty.flower_0":1,"stat.craftItem.zawa.carnivore_meat_cooked":10,"stat.useItem.midnight.unstable_fruit_lime":5,"stat.deaths":5,"stat.craftItem.futuremc.blast_furnace":1,"stat.pickup.minecraft.egg":1,"stat.playOneMinute":88777,"stat.drop.minecraft.string":1,"stat.craftItem.minecraft.iron_pickaxe":1,"stat.pickup.zawa.care_guide":1,"stat.mineBlock.minecraft.tallgrass":14,"stat.craftItem.minecraft.cooked_mutton":6,"stat.chestOpened":1,"stat.craftItem.futuremc.smoker":1,"stat.pickup.minecraft.arrow":3,"stat.useItem.midnight.unstable_fruit_blue":2,"stat.pickup.midnight.unstable_fruit_blue":15,"stat.craftItem.biomesoplenty.planks_0":32,"stat.fallOneCm":95086,"stat.mineBlock.midnight.tall_midnight_grass":8,"stat.pickup.minecraft.carrot":3,"stat.crouchOneCm":13419,"stat.craftItem.minecraft.iron_ingot":65,"stat.useItem.biomesoplenty.plant_1":6,"stat.craftingTableInteraction":32,"stat.mineBlock.ic2.resource":2,"stat.mineBlock.minecraft.log2":8,"stat.pickup.minecraft.feather":8,"stat.drop.minecraft.bone":3,"stat.mineBlock.biomesoplenty.plant_1":2,"stat.mineBlock.biomesoplenty.plant_0":48,"stat.pickup.minecraft.planks":1,"stat.pickup.biomesoplenty.plant_1":3,"stat.pickup.chisel.limestone2":1,"stat.pickup.minecraft.wheat_seeds":25,"stat.drop.midnight.bladeshroom_cap":1,"stat.useItem.ic2.rubber_wood":2,"stat.useItem.minecraft.stone_pickaxe":133,"stat.pickup.waystones.waystone":1,"stat.useItem.minecraft.stone_sword":93,"stat.craftItem.minecraft.iron_leggings":1,"stat.useItem.biomesoplenty.berries":22,"stat.mineBlock.minecraft.dirt":5,"stat.useItem.minecraft.torch":53,"stat.drop.tombstone.crafting_ingredient":1,"stat.pickup.minecraft.crafting_table":2,"stat.useItem.minecraft.cobblestone":43,"stat.craftItem.minecraft.crafting_table":2,"stat.mineBlock.minecraft.double_plant":1,"stat.pickup.minecraft.log":11,"stat.pickup.biomesoplenty.planks_0":1,"stat.craftItem.zawa.large_meat_cooked":1,"stat.mineBlock.tropicraft.bamboo_shoot":1,"stat.pickup.minecraft.chicken":4,"stat.pickup.minecraft.sapling":4,"stat.craftItem.minecraft.bucket":1,"stat.craftItem.minecraft.planks":32,"stat.useItem.minecraft.iron_sword":192,"stat.useItem.zawa.large_meat_raw":2,"stat.pickup.biomesoplenty.berries":22,"stat.pickup.midnight.rockshroom_clump":7,"stat.drop.biomesoplenty.flower_0":1,"stat.drop.biomesoplenty.flower_1":5,"stat.mineBlock.minecraft.log":8,"stat.craftItem.minecraft.cooked_chicken":4,"stat.sneakTime":5748,"stat.pickup.minecraft.wool":4,"stat.mineBlock.midnight.deceitful_peat":4,"stat.pickup.minecraft.bone":4,"stat.mineBlock.minecraft.cobblestone":4,"stat.useItem.minecraft.log2":1,"stat.swimOneCm":12231,"stat.climbOneCm":480,"stat.pickup.chococraft.chocobo_drumstick_raw":15,"stat.pickup.midnight.nightshroom_planks":6,"stat.useItem.minecraft.dirt":37,"stat.useItem.chococraft.gysahl_green":21,"stat.useItem.minecraft.stone_slab2":25,"stat.pickup.zawa.bird_meat":2,"stat.useItem.chococraft.chocobo_drumstick_cooked":1,"stat.craftItem.minecraft.furnace":4,"stat.pickup.zawa.carnivore_meat_raw":10,"stat.useItem.minecraft.egg":1,"stat.craftItem.minecraft.iron_boots":1,"stat.drop.midnight.bladeshroom_spores":1,"stat.craftItem.futuremc.smooth_stone":3,"stat.craftItem.minecraft.stone_pickaxe":1,"stat.pickup.minecraft.cobblestone":88,"stat.mineBlock.biomesoplenty.double_plant":1,"stat.mineBlock.chisel.limestone2":1,"stat.flyOneCm":519228,"stat.pickup.minecraft.sandstone":1,"stat.drop.minecraft.wheat_seeds":18,"stat.drop.harvestcraft.mustardseedsitem":1,"stat.mineBlock.minecraft.iron_ore":92,"stat.timeSinceDeath":10067,"stat.pickup.chococraft.lovely_gysahl_green":2,"stat.mineBlock.midnight.double_midnight_grass":4,"stat.pickup.minecraft.mutton":6,"stat.pickup.futuremc.smoker":2,"stat.mineBlock.biomesoplenty.log_2":8,"stat.craftItem.ebwizardry.magic_crystal":2,"stat.drop.minecraft.dirt":9,"stat.mineBlock.minecraft.coal_ore":155,"stat.pickup.chococraft.chocobo_feather":1,"stat.talkedToVillager":2,"stat.pickup.minecraft.string":4,"stat.killEntity.midnight.nightstag":3,"stat.pickup.tombstone.crafting_ingredient":1,"stat.entityKilledBy.Skeleton":1,"stat.craftItem.minecraft.stone_slab2":0,"stat.pickup.zawa.reptile_meat_raw":1,"stat.sprintOneCm":208049,"stat.mineBlock.biomesoplenty.flower_1":3,"stat.pickup.oreberries.aluminum_oreberry_bush":4,"stat.craftItem.minecraft.stick":24,"stat.pickup.ic2.resource":2,"stat.entityKilledBy.midnight.hunter":1,"stat.pickup.midnight.bladeshroom_spores":1,"stat.craftItem.minecraft.stone":3,"stat.mineBlock.biomesoplenty.mushroom":6,"stat.mineBlock.minecraft.crafting_table":2,"stat.pickup.midnight.midnight_dirt":1,"stat.useItem.minecraft.carrot":2,"stat.drop.zawa.golden_sparks":2,"stat.pickup.chococraft.gysahl_green_seeds":61,"stat.pickup.harvestcraft.mustardseedsitem":1,"stat.mineBlock.minecraft.planks":1,"stat.drop":42,"stat.pickup.midnight.double_lumen_bud":1,"stat.mineBlock.midnight.rockshroom":3,"stat.killEntity.Sheep":4,"stat.mineBlock.oreberries.essence_oreberry_bush":1,"stat.killEntity.Zombie":19,"stat.diveOneCm":16156,"stat.pickup.minecraft.wheat":1,"stat.pickup.midnight.bladeshroom_cap":1,"stat.jump":2801,"stat.pickup.minecraft.coal":194,"stat.useItem.minecraft.stone_axe":51,"stat.pickup.minecraft.spider_eye":2,"stat.craftItem.minecraft.torch":52,"stat.drop.oreberries.aluminum_oreberry_bush":2,"stat.pickup.minecraft.dirt":61,"stat.useItem.tropicraft.bamboo_shoot":2,"stat.craftItem.minecraft.iron_helmet":1,"stat.useItem.minecraft.cooked_chicken":4,"stat.pickup.minecraft.iron_ore":91,"stat.damageTaken":2476,"stat.mineBlock.minecraft.torch":5,"stat.mineBlock.minecraft.furnace":1,"stat.pickup.oreberries.aluminum_oreberry":4,"stat.useItem.minecraft.wooden_pickaxe":3,"stat.pickup.ebwizardry.crystal_flower":1,"stat.pickup.minecraft.log2":10,"stat.pickup.ic2.rubber_wood":3,"stat.pickup.oreberries.essence_oreberry_bush":1,"tombstone:undead_killed":25,"stat.craftItem.midnight.nightshroom_planks":12,"stat.damageDealt":15355,"stat.pickup.chococraft.gysahl_green":21,"stat.drop.midnight.double_lumen_bud":1,"stat.killEntity.Pig":7,"stat.craftItem.minecraft.iron_sword":1,"stat.pickup.zawa.rat_raw":1,"stat.walkOneCm":169654,"stat.drop.zawa.legume":1,"stat.pickup.minecraft.stick":1,"stat.pickup.zawa.legume":1,"stat.mineBlock.biomesoplenty.planks_0":1,"stat.mineBlock.futuremc.smoker":2,"stat.useItem.tombstone.gift":1,"stat.craftItem.minecraft.iron_chestplate":1,"stat.useItem.zawa.large_meat_cooked":1,"stat.mineBlock.midnight.midnight_grass":1,"stat.drop.chococraft.gysahl_green_seeds":46,"stat.killEntity.Skeleton":5,"stat.pickup.biomesoplenty.log_2":8,"stat.killEntity.Chicken":4,"stat.useItem.biomesoplenty.planks_0":11,"stat.killEntity.Spider":6,"stat.mineBlock.waystones.waystone":1,"stat.pickup.midnight.nightshroom_stem":3,"stat.mobKills":76,"stat.pickup.midnight.deceitful_peat":8,"stat.craftItem.midnight.shadowroot_crafting_table":1,"stat.mineBlock.minecraft.leaves":19,"stat.pickup.minecraft.torch":6,"stat.drop.minecraft.stone_axe":1,"stat.drop.zawa.care_guide":1,"stat.mineBlock.minecraft.stone":87}