{"stat.useItem.minecraft.string":1,"stat.leaveGame":6,"stat.mineBlock.ebwizardry.crystal_flower":1,"stat.pickup.midnight.raw_stag_flank":3,"stat.craftItem.minecraft.iron_axe":1,"stat.pickup.tombstone.familiar_stone":2,"stat.mineBlock.ic2.rubber_wood":3,"stat.useItem.zawa.bird_meat_cooked":2,"stat.mineBlock.minecraft.sandstone":1,"stat.drop.midnight.dark_stick":4,"stat.craftItem.minecraft.shield":1,"stat.useItem.minecraft.planks":1,"stat.craftItem.midnight.dark_stick":4,"stat.drop.minecraft.feather":2,"stat.pickup.minecraft.porkchop":17,"stat.useItem.minecraft.water_bucket":21,"stat.pickup.minecraft.rotten_flesh":20,"stat.craftItem.minecraft.stone_axe":1,"stat.mineBlock.oreberries.aluminum_oreberry_bush":2,"stat.craftItem.minecraft.stone_sword":1,"stat.drop.tropicraft.bamboo_shoot":7,"stat.pickup.biomesoplenty.mushroom":5,"stat.useItem.zawa.carnivore_meat_cooked":10,"stat.pickup.tropicraft.bamboo_shoot":9,"stat.useItem.minecraft.iron_pickaxe":491,"stat.craftItem.minecraft.wooden_pickaxe":1,"stat.drop.harvestcraft.cactusfruititem":1,"stat.killEntity.midnight.rifter":2,"stat.mineBlock.midnight.nightshroom_stem":3,"stat.pickup.zawa.golden_sparks":3,"stat.mineBlock.chisel.marble2":5,"stat.furnaceInteraction":55,"stat.mineBlock.botania.flower":1,"stat.killEntity.ZombieVillager":1,"stat.useItem.biomesoplenty.mushroom":2,"stat.pickup.midnight.unstable_fruit_lime":27,"stat.pickup.zawa.thick_fur":1,"stat.pickup.zawa.large_meat_raw":3,"stat.pickup.minecraft.furnace":2,"stat.useItem.minecraft.cooked_mutton":6,"stat.craftItem.chococraft.chocobo_drumstick_cooked":15,"stat.craftItem.zawa.bird_meat_cooked":2,"stat.mineBlock.harvestcraft.windygarden":1,"stat.pickup.biomesoplenty.flower_1":5,"stat.pickup.biomesoplenty.flower_0":1,"stat.craftItem.zawa.carnivore_meat_cooked":10,"stat.useItem.midnight.unstable_fruit_lime":5,"stat.deaths":6,"stat.craftItem.futuremc.blast_furnace":2,"stat.pickup.minecraft.egg":1,"stat.playOneMinute":113810,"stat.drop.minecraft.string":1,"stat.drop.chococraft.chocobo_drumstick_cooked":2,"stat.craftItem.minecraft.iron_pickaxe":2,"stat.pickup.zawa.care_guide":1,"stat.pickup.chisel.marble2":5,"stat.mineBlock.minecraft.tallgrass":28,"stat.craftItem.minecraft.cooked_mutton":6,"stat.chestOpened":1,"stat.craftItem.futuremc.smoker":1,"stat.pickup.botania.mushroom":1,"stat.pickup.minecraft.arrow":4,"stat.useItem.midnight.unstable_fruit_blue":2,"stat.pickup.midnight.unstable_fruit_blue":15,"stat.mineBlock.botania.mushroom":1,"stat.craftItem.biomesoplenty.planks_0":32,"stat.fallOneCm":113062,"stat.mineBlock.midnight.tall_midnight_grass":8,"stat.drop.minecraft.stone":21,"stat.pickup.minecraft.carrot":3,"stat.crouchOneCm":18373,"stat.craftItem.minecraft.iron_ingot":78,"stat.useItem.biomesoplenty.plant_1":6,"stat.craftingTableInteraction":36,"stat.mineBlock.ic2.resource":2,"stat.mineBlock.minecraft.log2":8,"stat.pickup.minecraft.feather":8,"stat.drop.minecraft.bone":3,"stat.mineBlock.biomesoplenty.plant_1":2,"stat.mineBlock.biomesoplenty.plant_0":95,"stat.pickup.minecraft.planks":1,"stat.pickup.biomesoplenty.plant_1":3,"stat.pickup.chisel.limestone2":1,"stat.pickup.minecraft.wheat_seeds":30,"stat.drop.midnight.bladeshroom_cap":1,"stat.mineBlock.biomesoplenty.gem_ore":1,"stat.useItem.ic2.rubber_wood":2,"stat.useItem.minecraft.stone_pickaxe":133,"stat.pickup.waystones.waystone":1,"stat.useItem.minecraft.stone_sword":93,"stat.craftItem.minecraft.iron_leggings":1,"stat.useItem.biomesoplenty.berries":22,"stat.mineBlock.minecraft.dirt":5,"stat.useItem.minecraft.torch":89,"stat.drop.tombstone.crafting_ingredient":1,"stat.drop.minecraft.rotten_flesh":9,"stat.pickup.minecraft.crafting_table":2,"stat.useItem.minecraft.cobblestone":91,"stat.craftItem.minecraft.crafting_table":2,"stat.mineBlock.minecraft.double_plant":2,"stat.mineBlock.ebwizardry.crystal_ore":4,"stat.pickup.minecraft.log":11,"stat.pickup.biomesoplenty.planks_0":1,"stat.craftItem.zawa.large_meat_cooked":1,"stat.mineBlock.tropicraft.bamboo_shoot":1,"stat.pickup.minecraft.chicken":4,"stat.pickup.minecraft.sapling":4,"stat.craftItem.minecraft.bucket":1,"stat.craftItem.minecraft.planks":32,"stat.useItem.minecraft.iron_sword":263,"stat.useItem.zawa.large_meat_raw":2,"stat.pickup.biomesoplenty.berries":22,"stat.pickup.midnight.rockshroom_clump":7,"stat.drop.biomesoplenty.flower_0":1,"stat.drop.biomesoplenty.flower_1":5,"stat.pickup.minecraft.book":1,"stat.mineBlock.minecraft.log":8,"stat.craftItem.minecraft.cooked_chicken":4,"stat.sneakTime":8066,"stat.pickup.minecraft.wool":4,"stat.mineBlock.midnight.deceitful_peat":4,"stat.pickup.minecraft.bone":13,"stat.mineBlock.minecraft.cobblestone":6,"stat.useItem.minecraft.log2":1,"stat.drop.zawa.rat_cooked":1,"stat.pickup.ebwizardry.ring_battlemage":1,"stat.swimOneCm":21256,"stat.climbOneCm":480,"stat.pickup.chococraft.chocobo_drumstick_raw":15,"stat.pickup.midnight.nightshroom_planks":6,"stat.pickup.harvestcraft.cactusfruititem":1,"stat.useItem.minecraft.dirt":37,"stat.useItem.chococraft.gysahl_green":21,"stat.useItem.minecraft.stone_slab2":28,"stat.pickup.zawa.bird_meat":4,"stat.useItem.chococraft.chocobo_drumstick_cooked":13,"stat.craftItem.minecraft.furnace":4,"stat.pickup.zawa.carnivore_meat_raw":10,"stat.useItem.minecraft.egg":1,"stat.craftItem.minecraft.iron_boots":1,"stat.craftItem.zawa.rat_cooked":1,"stat.drop.midnight.bladeshroom_spores":1,"stat.craftItem.futuremc.smooth_stone":6,"stat.craftItem.minecraft.stone_pickaxe":1,"stat.pickup.minecraft.cobblestone":240,"stat.mineBlock.biomesoplenty.double_plant":1,"stat.mineBlock.chisel.limestone2":1,"stat.flyOneCm":641804,"stat.pickup.minecraft.sandstone":1,"stat.drop.minecraft.wheat_seeds":28,"stat.drop.harvestcraft.mustardseedsitem":1,"stat.pickup.minecraft.redstone":37,"stat.mineBlock.minecraft.iron_ore":101,"stat.timeSinceDeath":3622,"stat.pickup.chococraft.lovely_gysahl_green":2,"stat.mineBlock.midnight.double_midnight_grass":4,"stat.pickup.minecraft.mutton":6,"stat.pickup.futuremc.smoker":2,"stat.mineBlock.biomesoplenty.log_2":8,"stat.craftItem.ebwizardry.magic_crystal":2,"stat.drop.minecraft.dirt":9,"stat.pickup.ebwizardry.magic_crystal":20,"stat.mineBlock.minecraft.coal_ore":203,"stat.pickup.chococraft.chocobo_feather":1,"stat.talkedToVillager":2,"stat.pickup.minecraft.string":4,"stat.killEntity.midnight.nightstag":3,"stat.pickup.tombstone.crafting_ingredient":1,"stat.entityKilledBy.Skeleton":1,"stat.craftItem.minecraft.stone_slab2":0,"stat.pickup.zawa.reptile_meat_raw":1,"stat.sprintOneCm":260414,"stat.mineBlock.biomesoplenty.flower_1":3,"stat.mineBlock.biomesoplenty.flower_0":1,"stat.pickup.oreberries.aluminum_oreberry_bush":4,"stat.craftItem.minecraft.stick":44,"stat.killEntity.ebwizardry:evil_wizard":3,"stat.pickup.ic2.resource":2,"stat.entityKilledBy.midnight.hunter":1,"stat.pickup.midnight.bladeshroom_spores":1,"stat.craftItem.minecraft.stone":6,"stat.mineBlock.biomesoplenty.mushroom":6,"stat.mineBlock.minecraft.crafting_table":2,"stat.pickup.midnight.midnight_dirt":1,"stat.useItem.minecraft.carrot":3,"stat.drop.zawa.golden_sparks":2,"stat.pickup.chococraft.gysahl_green_seeds":61,"stat.pickup.harvestcraft.mustardseedsitem":1,"stat.mineBlock.minecraft.planks":1,"stat.drop":53,"stat.pickup.midnight.double_lumen_bud":1,"stat.mineBlock.midnight.rockshroom":3,"stat.killEntity.Sheep":4,"stat.mineBlock.oreberries.essence_oreberry_bush":1,"stat.killEntity.Zombie":25,"stat.mineBlock.minecraft.gold_ore":10,"stat.diveOneCm":16964,"stat.pickup.minecraft.wheat":1,"stat.pickup.minecraft.gravel":8,"stat.mineBlock.minecraft.deadbush":2,"stat.pickup.midnight.bladeshroom_cap":1,"stat.jump":3416,"stat.pickup.minecraft.coal":249,"stat.useItem.minecraft.stone_axe":51,"stat.pickup.minecraft.spider_eye":2,"stat.craftItem.minecraft.torch":84,"stat.drop.oreberries.aluminum_oreberry_bush":2,"stat.pickup.minecraft.dirt":61,"stat.useItem.tropicraft.bamboo_shoot":2,"stat.craftItem.minecraft.iron_helmet":1,"stat.useItem.minecraft.cooked_chicken":4,"stat.pickup.minecraft.iron_ore":98,"stat.pickup.minecraft.gold_ore":10,"stat.mineBlock.harvestcraft.aridgarden":1,"stat.damageTaken":3276,"stat.pickup.ebwizardry.scroll":5,"stat.mineBlock.minecraft.torch":10,"stat.mineBlock.minecraft.furnace":2,"stat.pickup.oreberries.aluminum_oreberry":4,"stat.useItem.minecraft.wooden_pickaxe":3,"stat.pickup.ebwizardry.crystal_flower":1,"stat.pickup.minecraft.log2":10,"stat.pickup.ic2.rubber_wood":3,"stat.pickup.oreberries.essence_oreberry_bush":1,"tombstone:undead_killed":36,"stat.craftItem.midnight.nightshroom_planks":12,"stat.damageDealt":18409,"stat.pickup.chococraft.gysahl_green":21,"stat.drop.midnight.double_lumen_bud":1,"stat.killEntity.Pig":7,"stat.craftItem.minecraft.iron_sword":2,"stat.pickup.zawa.rat_raw":1,"stat.walkOneCm":214862,"stat.drop.zawa.legume":1,"stat.pickup.minecraft.stick":2,"stat.useItem.minecraft.lava_bucket":1,"stat.pickup.zawa.legume":1,"stat.mineBlock.biomesoplenty.planks_0":1,"stat.mineBlock.futuremc.smoker":2,"stat.useItem.tombstone.gift":1,"stat.pickup.minecraft.stone":22,"stat.craftItem.minecraft.iron_chestplate":1,"stat.useItem.zawa.large_meat_cooked":1,"stat.mineBlock.midnight.midnight_grass":1,"stat.drop.chococraft.gysahl_green_seeds":46,"stat.killEntity.Skeleton":10,"stat.pickup.harvestcraft.amaranthitem":1,"stat.pickup.biomesoplenty.gem":1,"stat.pickup.ebwizardry.crystal_shard":2,"stat.pickup.biomesoplenty.log_2":8,"stat.killEntity.Chicken":4,"stat.useItem.biomesoplenty.planks_0":11,"stat.killEntity.Spider":7,"stat.mineBlock.waystones.waystone":1,"stat.pickup.midnight.nightshroom_stem":3,"stat.mobKills":92,"stat.pickup.midnight.deceitful_peat":8,"stat.craftItem.midnight.shadowroot_crafting_table":1,"stat.mineBlock.minecraft.leaves":19,"stat.pickup.minecraft.torch":13,"stat.mineBlock.minecraft.redstone_ore":8,"stat.mineBlock.oreberries.tin_oreberry_bush":2,"stat.drop.minecraft.stone_axe":1,"stat.drop.zawa.care_guide":1,"stat.mineBlock.minecraft.stone":262}