{"stat.useItem.minecraft.string":1,"stat.pickup.minecraft.bone":2,"stat.pickup.minecraft.arrow":3,"stat.mineBlock.minecraft.cobblestone":2,"stat.mineBlock.ebwizardry.crystal_flower":1,"stat.mineBlock.ic2.rubber_wood":3,"stat.craftItem.biomesoplenty.planks_0":32,"stat.jump":1136,"stat.pickup.minecraft.coal":128,"stat.fallOneCm":38693,"stat.craftItem.minecraft.shield":1,"stat.drop.minecraft.feather":2,"stat.useItem.minecraft.stone_axe":20,"stat.crouchOneCm":9056,"stat.pickup.minecraft.spider_eye":1,"stat.craftItem.minecraft.iron_ingot":65,"stat.craftItem.minecraft.torch":52,"stat.pickup.minecraft.dirt":26,"stat.useItem.minecraft.dirt":2,"stat.useItem.tropicraft.bamboo_shoot":2,"stat.craftItem.minecraft.iron_helmet":1,"stat.useItem.chococraft.gysahl_green":11,"stat.useItem.biomesoplenty.plant_1":6,"stat.useItem.minecraft.stone_slab2":9,"stat.useItem.minecraft.cooked_chicken":4,"stat.useItem.minecraft.water_bucket":1,"stat.craftingTableInteraction":26,"stat.pickup.minecraft.iron_ore":82,"stat.pickup.minecraft.rotten_flesh":5,"stat.craftItem.minecraft.furnace":2,"stat.mineBlock.ic2.resource":2,"stat.pickup.zawa.carnivore_meat_raw":5,"stat.useItem.minecraft.egg":1,"stat.craftItem.minecraft.stone_axe":1,"stat.craftItem.minecraft.iron_boots":1,"stat.pickup.minecraft.feather":5,"stat.damageTaken":1172,"stat.craftItem.futuremc.smooth_stone":3,"stat.craftItem.minecraft.stone_pickaxe":1,"stat.mineBlock.minecraft.torch":4,"stat.useItem.minecraft.wooden_pickaxe":3,"stat.mineBlock.oreberries.aluminum_oreberry_bush":2,"stat.pickup.minecraft.cobblestone":78,"stat.mineBlock.biomesoplenty.double_plant":1,"stat.mineBlock.biomesoplenty.plant_0":31,"stat.pickup.ebwizardry.crystal_flower":1,"stat.pickup.ic2.rubber_wood":3,"stat.pickup.oreberries.essence_oreberry_bush":1,"stat.pickup.biomesoplenty.plant_1":2,"stat.mineBlock.chisel.limestone2":1,"stat.craftItem.minecraft.stone_sword":1,"stat.pickup.chisel.limestone2":1,"stat.flyOneCm":184280,"stat.drop.tropicraft.bamboo_shoot":7,"stat.pickup.biomesoplenty.mushroom":3,"tombstone:undead_killed":11,"stat.pickup.minecraft.wheat_seeds":5,"stat.drop.minecraft.wheat_seeds":4,"stat.useItem.ic2.rubber_wood":2,"stat.useItem.minecraft.stone_pickaxe":133,"stat.useItem.minecraft.stone_sword":93,"stat.craftItem.minecraft.iron_leggings":1,"stat.damageDealt":6814,"stat.mineBlock.minecraft.iron_ore":83,"stat.timeSinceDeath":1458,"stat.pickup.chococraft.gysahl_green":11,"stat.pickup.tropicraft.bamboo_shoot":9,"stat.useItem.biomesoplenty.berries":20,"stat.mineBlock.minecraft.dirt":3,"stat.pickup.chococraft.lovely_gysahl_green":1,"stat.useItem.minecraft.iron_pickaxe":165,"stat.craftItem.minecraft.wooden_pickaxe":1,"stat.craftItem.minecraft.iron_sword":1,"stat.mineBlock.biomesoplenty.log_2":8,"stat.craftItem.ebwizardry.magic_crystal":2,"stat.walkOneCm":86676,"stat.useItem.minecraft.torch":48,"stat.drop.tombstone.crafting_ingredient":1,"stat.useItem.minecraft.cobblestone":15,"stat.craftItem.minecraft.crafting_table":1,"stat.furnaceInteraction":38,"stat.mineBlock.minecraft.coal_ore":130,"stat.pickup.minecraft.log":11,"stat.pickup.minecraft.string":3,"stat.craftItem.zawa.large_meat_cooked":1,"stat.useItem.tombstone.gift":1,"stat.pickup.zawa.large_meat_raw":3,"stat.pickup.tombstone.crafting_ingredient":1,"stat.entityKilledBy.Skeleton":1,"stat.craftItem.minecraft.stone_slab2":0,"stat.mineBlock.tropicraft.bamboo_shoot":1,"stat.craftItem.minecraft.iron_chestplate":1,"stat.pickup.minecraft.chicken":4,"stat.pickup.minecraft.sapling":1,"stat.useItem.zawa.large_meat_cooked":1,"stat.sprintOneCm":110152,"stat.pickup.oreberries.aluminum_oreberry_bush":2,"stat.craftItem.minecraft.stick":24,"stat.drop.chococraft.gysahl_green_seeds":38,"stat.pickup.ic2.resource":2,"stat.killEntity.Skeleton":2,"stat.craftItem.minecraft.bucket":1,"stat.craftItem.minecraft.planks":32,"stat.pickup.biomesoplenty.log_2":8,"stat.useItem.minecraft.iron_sword":50,"stat.craftItem.minecraft.stone":3,"stat.killEntity.Chicken":4,"stat.mineBlock.biomesoplenty.mushroom":3,"stat.useItem.zawa.large_meat_raw":2,"stat.killEntity.Spider":4,"stat.pickup.biomesoplenty.berries":20,"stat.mobKills":28,"stat.mineBlock.minecraft.log":8,"stat.pickup.chococraft.gysahl_green_seeds":38,"stat.craftItem.minecraft.cooked_chicken":4,"stat.deaths":3,"stat.craftItem.futuremc.blast_furnace":1,"stat.drop":11,"stat.mineBlock.minecraft.leaves":19,"stat.pickup.minecraft.egg":1,"stat.playOneMinute":42677,"stat.pickup.minecraft.torch":4,"stat.drop.minecraft.string":1,"stat.sneakTime":3513,"stat.craftItem.minecraft.iron_pickaxe":1,"stat.mineBlock.oreberries.essence_oreberry_bush":1,"stat.killEntity.Zombie":9,"stat.pickup.zawa.care_guide":1,"stat.drop.zawa.care_guide":1,"stat.mineBlock.minecraft.stone":78,"stat.mineBlock.minecraft.tallgrass":8}