{"stat.mineBlock.biomesoplenty.log_2":8,"stat.walkOneCm":38746,"stat.pickup.minecraft.bone":2,"stat.useItem.minecraft.torch":16,"stat.drop.tombstone.crafting_ingredient":1,"stat.pickup.minecraft.arrow":3,"stat.mineBlock.minecraft.cobblestone":2,"stat.useItem.minecraft.cobblestone":7,"stat.craftItem.minecraft.crafting_table":1,"stat.furnaceInteraction":17,"stat.mineBlock.minecraft.coal_ore":61,"stat.pickup.minecraft.log":8,"stat.pickup.minecraft.string":2,"stat.craftItem.biomesoplenty.planks_0":32,"stat.jump":451,"stat.pickup.minecraft.coal":60,"stat.fallOneCm":15829,"stat.craftItem.minecraft.shield":1,"stat.useItem.tombstone.gift":1,"stat.pickup.zawa.large_meat_raw":2,"stat.pickup.tombstone.crafting_ingredient":1,"stat.drop.minecraft.feather":2,"stat.entityKilledBy.Skeleton":1,"stat.craftItem.minecraft.stone_slab2":0,"stat.useItem.minecraft.stone_axe":8,"stat.craftItem.minecraft.iron_chestplate":1,"stat.pickup.minecraft.chicken":1,"stat.crouchOneCm":3299,"stat.pickup.minecraft.spider_eye":1,"stat.craftItem.minecraft.iron_ingot":20,"stat.craftItem.minecraft.torch":20,"stat.pickup.minecraft.sapling":1,"stat.pickup.minecraft.dirt":26,"stat.useItem.minecraft.dirt":2,"stat.sprintOneCm":41169,"stat.useItem.minecraft.stone_slab2":5,"stat.pickup.oreberries.aluminum_oreberry_bush":2,"stat.craftItem.minecraft.stick":12,"stat.useItem.minecraft.cooked_chicken":1,"stat.craftingTableInteraction":15,"stat.pickup.minecraft.iron_ore":22,"stat.pickup.minecraft.rotten_flesh":2,"stat.pickup.ic2.resource":2,"stat.killEntity.Skeleton":2,"stat.craftItem.minecraft.furnace":1,"stat.mineBlock.ic2.resource":2,"stat.craftItem.minecraft.planks":20,"stat.pickup.biomesoplenty.log_2":8,"stat.killEntity.Chicken":1,"stat.craftItem.minecraft.stone_axe":1,"stat.craftItem.minecraft.iron_boots":1,"stat.damageTaken":757,"stat.useItem.zawa.large_meat_raw":2,"stat.pickup.minecraft.feather":4,"stat.killEntity.Spider":3,"stat.pickup.biomesoplenty.berries":8,"stat.craftItem.minecraft.stone_pickaxe":1,"stat.mineBlock.minecraft.torch":4,"stat.useItem.minecraft.wooden_pickaxe":3,"stat.mineBlock.oreberries.aluminum_oreberry_bush":2,"stat.mobKills":13,"stat.pickup.minecraft.cobblestone":29,"stat.mineBlock.biomesoplenty.plant_0":16,"stat.mineBlock.minecraft.log":5,"stat.craftItem.minecraft.cooked_chicken":1,"stat.craftItem.minecraft.stone_sword":1,"stat.flyOneCm":73189,"stat.deaths":2,"tombstone:undead_killed":7,"stat.drop":7,"stat.pickup.minecraft.wheat_seeds":5,"stat.mineBlock.minecraft.leaves":13,"stat.playOneMinute":18377,"stat.drop.minecraft.wheat_seeds":4,"stat.pickup.minecraft.torch":4,"stat.useItem.minecraft.stone_pickaxe":116,"stat.sneakTime":1078,"stat.useItem.minecraft.stone_sword":67,"stat.craftItem.minecraft.iron_leggings":1,"stat.damageDealt":3052,"stat.mineBlock.minecraft.iron_ore":22,"stat.killEntity.Zombie":5,"stat.pickup.zawa.care_guide":1,"stat.timeSinceDeath":9309,"stat.useItem.biomesoplenty.berries":8,"stat.drop.zawa.care_guide":1,"stat.mineBlock.minecraft.dirt":3,"stat.craftItem.minecraft.wooden_pickaxe":1,"stat.mineBlock.minecraft.stone":27,"stat.mineBlock.minecraft.tallgrass":5}