{"stat.walkOneCm":13802,"stat.pickup.minecraft.bone":1,"stat.drop.tombstone.crafting_ingredient":1,"stat.pickup.minecraft.arrow":2,"stat.craftItem.minecraft.crafting_table":1,"stat.furnaceInteraction":1,"stat.pickup.minecraft.log":6,"stat.jump":183,"stat.fallOneCm":6767,"stat.useItem.tombstone.gift":1,"stat.pickup.zawa.large_meat_raw":1,"stat.drop.minecraft.feather":2,"stat.pickup.minecraft.chicken":1,"stat.crouchOneCm":952,"stat.pickup.minecraft.dirt":3,"stat.useItem.minecraft.dirt":2,"stat.sprintOneCm":12978,"stat.useItem.minecraft.stone_slab2":3,"stat.craftItem.minecraft.stick":8,"stat.craftingTableInteraction":5,"stat.pickup.minecraft.iron_ore":11,"stat.killEntity.Skeleton":1,"stat.craftItem.minecraft.furnace":1,"stat.craftItem.minecraft.planks":12,"stat.killEntity.Chicken":1,"stat.damageTaken":370,"stat.useItem.zawa.large_meat_raw":1,"stat.pickup.minecraft.feather":4,"stat.craftItem.minecraft.stone_pickaxe":1,"stat.useItem.minecraft.wooden_pickaxe":3,"stat.mobKills":3,"stat.pickup.minecraft.cobblestone":24,"stat.mineBlock.biomesoplenty.plant_0":7,"stat.mineBlock.minecraft.log":3,"stat.craftItem.minecraft.stone_sword":1,"stat.flyOneCm":26580,"stat.deaths":1,"tombstone:undead_killed":1,"stat.drop":7,"stat.pickup.minecraft.wheat_seeds":5,"stat.mineBlock.minecraft.leaves":8,"stat.playOneMinute":6677,"stat.drop.minecraft.wheat_seeds":4,"stat.useItem.minecraft.stone_pickaxe":32,"stat.sneakTime":314,"stat.useItem.minecraft.stone_sword":5,"stat.damageDealt":647,"stat.mineBlock.minecraft.iron_ore":11,"stat.pickup.zawa.care_guide":1,"stat.timeSinceDeath":4078,"stat.drop.zawa.care_guide":1,"stat.mineBlock.minecraft.dirt":3,"stat.craftItem.minecraft.wooden_pickaxe":1,"stat.mineBlock.minecraft.stone":24,"stat.mineBlock.minecraft.tallgrass":2}