{"stat.cakeSlicesEaten":3,"stat.chestOpened":4,"stat.walkOneCm":25827,"stat.pickup.minecraft.bone":5,"stat.useItem.minecraft.bread":3,"stat.pickup.minecraft.stick":3,"stat.leaveGame":1,"stat.pickup.minecraft.gravel":2,"stat.pickup.minecraft.arrow":3,"stat.pickup.minecraft.crafting_table":1,"stat.useItem.minecraft.cobblestone":5,"stat.craftItem.minecraft.crafting_table":1,"stat.furnaceInteraction":4,"stat.useItem.minecraft.gravel":1,"stat.useItem.minecraft.apple":5,"stat.pickup.minecraft.wooden_sword":1,"stat.useItem.minecraft.potion":1,"stat.pickup.minecraft.log":15,"stat.pickup.minecraft.string":1,"stat.jump":262,"stat.pickup.minecraft.iron_helmet":1,"stat.fallOneCm":3856,"stat.climbOneCm":66,"stat.useItem.minecraft.planks":2,"stat.pickup.tombstone.crafting_ingredient":2,"stat.useItem.minecraft.stone_axe":17,"stat.crouchOneCm":4448,"stat.mineBlock.minecraft.chest":1,"stat.sprintOneCm":45618,"stat.useItem.minecraft.stone_slab2":10,"stat.pickup.minecraft.bow":1,"stat.pickup.minecraft.apple":1,"stat.craftItem.minecraft.stick":8,"stat.craftingTableInteraction":10,"stat.pickup.minecraft.iron_ore":32,"stat.pickup.ic2.resource":1,"stat.killEntity.Skeleton":2,"stat.craftItem.minecraft.furnace":1,"stat.mineBlock.ic2.resource":1,"stat.craftItem.minecraft.planks":16,"stat.pickup.minecraft.potion":1,"stat.craftItem.minecraft.stone_axe":1,"stat.damageTaken":477,"stat.mineBlock.minecraft.crafting_table":1,"stat.killEntity.Spider":1,"stat.pickup.biomesoplenty.berries":2,"stat.craftItem.minecraft.stone_pickaxe":1,"stat.mineBlock.minecraft.torch":3,"stat.useItem.minecraft.wooden_pickaxe":4,"stat.mobKills":3,"stat.pickup.minecraft.cobblestone":22,"stat.craftItem.minecraft.wooden_sword":1,"stat.mineBlock.biomesoplenty.plant_0":2,"stat.mineBlock.minecraft.log":16,"stat.pickup.minecraft.planks":3,"stat.craftItem.minecraft.stone_sword":1,"stat.flyOneCm":43117,"stat.mineBlock.minecraft.planks":4,"tombstone:undead_killed":2,"stat.playOneMinute":20797,"stat.useItem.minecraft.wooden_sword":3,"stat.mineBlock.minecraft.gravel":2,"stat.pickup.minecraft.torch":3,"stat.useItem.minecraft.stone_pickaxe":54,"stat.sneakTime":1239,"stat.useItem.minecraft.stone_sword":11,"stat.damageDealt":554,"stat.mineBlock.minecraft.iron_ore":32,"stat.pickup.zawa.care_guide":1,"stat.timeSinceDeath":20797,"stat.pickup.minecraft.iron_bars":1,"stat.pickup.minecraft.cooked_fish":1,"stat.craftItem.minecraft.wooden_pickaxe":1,"stat.mineBlock.minecraft.stone":22,"stat.pickup.chisel.marble2":1,"stat.mineBlock.minecraft.tallgrass":1,"stat.pickup.minecraft.chest":1}