{"stat.mineBlock.midnight.shadowroot_crafting_table":1,"stat.leaveGame":2,"stat.useItem.harvestcraft.amaranthitem":2,"stat.pickup.midnight.raw_stag_flank":3,"stat.pickup.tombstone.familiar_stone":4,"stat.drop.minecraft.enchanted_book":2,"stat.pickup.zawa.worm":2,"stat.useItem.minecraft.planks":8,"stat.pickup.minecraft.glowstone_dust":10,"stat.drop.biomesoplenty.berries":2,"stat.pickup.minecraft.rotten_flesh":12,"stat.pickup.minecraft.sand":29,"stat.craftItem.minecraft.stone_axe":1,"stat.pickup.harvestcraft.wintersquashitem":5,"stat.pickup.midnight.shadowroot_log":2,"stat.craftItem.minecraft.stone_sword":1,"stat.mineBlock.minecraft.sand":15,"stat.killEntity.Witch":1,"stat.drop.minecraft.sand":14,"stat.pickup.midnight.dark_willow_log":1,"stat.drop.astralsorcery.itemjournal":2,"stat.useItem.minecraft.iron_pickaxe":120,"stat.craftItem.minecraft.wooden_pickaxe":1,"stat.killEntity.midnight.rifter":3,"stat.pickup.astralsorcery.itemjournal":3,"stat.mineBlock.biomesoplenty.dirt":3,"stat.useItem.zawa.bird_meat":1,"stat.pickup.harvestcraft.onionitem":2,"stat.mineBlock.chisel.marble2":4,"stat.furnaceInteraction":33,"stat.drop.minecraft.gravel":8,"stat.pickup.harvestcraft.cornitem":3,"stat.drop.minecraft.red_flower":1,"stat.craftItem.minecraft.leather_helmet":1,"stat.craftItem.midnight.dark_willow_planks":4,"stat.pickup.minecraft.furnace":4,"stat.mineBlock.harvestcraft.windygarden":15,"stat.craftItem.travelersbackpack.travelers_backpack":1,"stat.pickup.minecraft.leather_helmet":2,"stat.pickup.biomesoplenty.flower_1":1,"stat.pickup.minecraft.potion":4,"stat.useItem.minecraft.wheat_seeds":22,"stat.mineBlock.midnight.suavis":2,"stat.deaths":4,"stat.playOneMinute":114396,"stat.pickup.zawa.care_guide":5,"stat.pickup.minecraft.iron_bars":2,"stat.drop.minecraft.glass_bottle":1,"stat.drop.minecraft.iron_ingot":60,"stat.pickup.chisel.marble2":15,"stat.mineBlock.minecraft.tallgrass":10,"stat.chestOpened":58,"stat.pickup.midnight.dark_willow_sapling":1,"stat.useItem.midnight.raw_suavis":1,"stat.pickup.minecraft.arrow":56,"stat.pickup.minecraft.iron_sword":6,"stat.drop.minecraft.flint":4,"stat.craftItem.minecraft.coal":2,"stat.pickup.harvestcraft.chilipepperitem":3,"stat.fallOneCm":125831,"stat.mineBlock.midnight.tall_midnight_grass":4,"stat.pickup.minecraft.carrot":7,"stat.crouchOneCm":7419,"stat.useItem.harvestcraft.chilipepperitem":3,"stat.mineBlock.minecraft.chest":3,"stat.craftItem.minecraft.iron_ingot":44,"stat.craftItem.minecraft.chest":2,"stat.useItem.harvestcraft.bellpepperitem":2,"stat.pickup.travelersbackpack.sleeping_bag_bottom":1,"stat.craftingTableInteraction":18,"stat.dropperInspected":3,"stat.useItem.midnight.shadowroot_planks":7,"stat.mineBlock.ic2.resource":3,"stat.useItem.chisel.marble2":1,"stat.craftItem.minecraft.wooden_sword":1,"stat.mineBlock.biomesoplenty.plant_1":1,"stat.mineBlock.biomesoplenty.plant_0":9,"stat.pickup.minecraft.planks":10,"stat.useItem.harvestcraft.lettuceitem":1,"stat.pickup.biomesoplenty.plant_1":1,"stat.pickup.chisel.limestone2":23,"stat.pickup.minecraft.wheat_seeds":39,"stat.mineBlock.minecraft.gravel":6,"stat.useItem.minecraft.stone_pickaxe":103,"stat.pickup.waystones.waystone":1,"stat.useItem.minecraft.stone_sword":39,"stat.useItem.biomesoplenty.berries":108,"stat.mineBlock.minecraft.dirt":8,"stat.drop.minecraft.stick":17,"stat.drop.minecraft.paper":8,"stat.useItem.minecraft.torch":19,"stat.useItem.minecraft.bread":6,"stat.drop.minecraft.rotten_flesh":4,"stat.pickup.minecraft.crafting_table":3,"stat.useItem.minecraft.log":3,"stat.useItem.minecraft.cobblestone":49,"stat.craftItem.minecraft.crafting_table":1,"stat.useItem.minecraft.gravel":1,"stat.pickup.minecraft.log":18,"stat.useItem.minecraft.cooked_fish":4,"stat.drop.minecraft.iron_ore":10,"stat.craftItem.minecraft.gold_ingot":2,"stat.pickup.minecraft.apple":3,"stat.useItem.minecraft.fireworks":23,"stat.pickup.harvestcraft.parsnipitem":2,"stat.craftItem.minecraft.planks":52,"stat.useItem.minecraft.iron_sword":71,"stat.useItem.harvestcraft.artichokeitem":3,"stat.pickup.biomesoplenty.berries":110,"stat.drop.biomesoplenty.flower_1":1,"stat.mineBlock.minecraft.log":16,"stat.mineBlock.midnight.deceitful_mud":1,"stat.pickup.biomesoplenty.dirt":4,"stat.pickup.minecraft.red_flower":3,"stat.sneakTime":3000,"stat.pickup.minecraft.wool":6,"stat.pickup.minecraft.cooked_fish":1,"stat.pickup.minecraft.chest":5,"stat.cakeSlicesEaten":3,"stat.craftItem.minecraft.leather_leggings":1,"stat.drop.minecraft.stone_pickaxe":1,"stat.pickup.ic2.ingot":4,"stat.pickup.minecraft.bone":36,"stat.mineBlock.midnight.miasma_surface":2,"stat.mineBlock.minecraft.cobblestone":44,"stat.entityKilledBy.midnight.rifter":1,"stat.pickup.minecraft.flint":9,"stat.craftItem.minecraft.wool":5,"stat.swimOneCm":2627,"stat.climbOneCm":66,"stat.drop.chisel.limestone2":12,"stat.pickup.harvestcraft.artichokeitem":3,"stat.pickup.minecraft.enchanted_book":11,"stat.drop.minecraft.cobblestone":171,"stat.useItem.harvestcraft.strawberryitem":1,"stat.useItem.minecraft.dirt":5,"stat.mineBlock.midnight.dark_willow_log":1,"stat.useItem.minecraft.stone_slab2":40,"stat.pickup.minecraft.bow":1,"stat.useItem.harvestcraft.barleyitem":3,"stat.pickup.zawa.bird_meat":1,"stat.useItem.harvestcraft.wintersquashitem":5,"stat.craftItem.minecraft.furnace":3,"stat.pickup.minecraft.golden_axe":1,"stat.craftItem.minecraft.iron_boots":1,"stat.pickup.minecraft.anvil":4,"stat.craftItem.minecraft.stone_pickaxe":1,"stat.pickup.minecraft.cobblestone":393,"stat.mineBlock.chisel.limestone2":4,"stat.flyOneCm":796145,"stat.pickup.minecraft.glass_bottle":1,"stat.useItem.chisel.limestone2":2,"stat.drop.minecraft.wheat_seeds":17,"stat.mineBlock.minecraft.iron_ore":52,"stat.timeSinceDeath":16898,"stat.useItem.harvestcraft.peanutitem":1,"stat.mineBlock.midnight.double_midnight_grass":2,"stat.drop.minecraft.coal":25,"stat.mineBlock.midnight.shadowroot_log":2,"stat.useItem.minecraft.potato":2,"stat.useItem.harvestcraft.cornitem":3,"stat.pickup.minecraft.stonebrick":8,"stat.drop.minecraft.dirt":1,"stat.mineBlock.minecraft.coal_ore":1,"stat.drop.minecraft.wool":6,"stat.pickup.minecraft.shield":1,"stat.pickup.minecraft.wooden_sword":1,"stat.pickup.minecraft.string":8,"stat.killEntity.midnight.nightstag":1,"stat.pickup.tombstone.crafting_ingredient":4,"stat.craftItem.minecraft.stone_slab2":0,"stat.useItem.minecraft.golden_axe":2,"stat.useItem.harvestcraft.cucumberitem":2,"stat.sprintOneCm":373223,"stat.pickup.minecraft.paper":32,"stat.mineBlock.biomesoplenty.flower_1":8,"stat.craftItem.minecraft.stick":8,"stat.mineBlock.biomesoplenty.grass":1,"stat.pickup.ic2.resource":4,"stat.craftItem.midnight.shadowroot_planks":8,"stat.pickup.harvestcraft.barleyitem":3,"stat.pickup.mowziesmobs.barakoa_mask_fear":1,"stat.mineBlock.minecraft.crafting_table":3,"stat.waystones:waystonesActivated":1,"stat.useItem.minecraft.wheat":27,"stat.pickup.midnight.shadowroot_crafting_table":1,"stat.pickup.minecraft.leather_leggings":1,"stat.pickup.harvestcraft.mustardseedsitem":5,"stat.mineBlock.minecraft.planks":15,"stat.drop":62,"stat.pickup.midnight.double_lumen_bud":1,"stat.pickup.harvestcraft.flaxitem":1,"stat.useItem.minecraft.wooden_sword":3,"stat.killEntity.Zombie":4,"stat.craftItem.minecraft.dye":2,"stat.mineBlock.minecraft.gold_ore":7,"stat.diveOneCm":9690,"stat.pickup.minecraft.wheat":27,"stat.pickup.minecraft.gravel":17,"stat.mineBlock.minecraft.anvil":1,"stat.pickup.minecraft.stone_axe":4,"stat.useItem.minecraft.apple":6,"stat.mineBlock.minecraft.deadbush":1,"stat.useItem.minecraft.potion":2,"stat.useItem.minecraft.rotten_flesh":8,"stat.craftItem.travelersbackpack.backpack_tank":2,"stat.jump":3513,"stat.useItem.minecraft.sand":1,"stat.pickup.minecraft.iron_helmet":1,"stat.pickup.minecraft.coal":49,"stat.pickup.minecraft.iron_ingot":163,"stat.useItem.minecraft.stone_axe":33,"stat.pickup.harvestcraft.peanutitem":1,"stat.pickup.minecraft.dirt":10,"stat.pickup.harvestcraft.bellpepperitem":2,"stat.pickup.minecraft.iron_ore":78,"stat.mineBlock.minecraft.iron_bars":4,"stat.pickup.minecraft.gold_ore":7,"stat.brewingstandInteraction":2,"stat.pickup.midnight.miasma_surface":1,"stat.damageTaken":2988,"stat.pickup.minecraft.leather":8,"stat.useItem.harvestcraft.flaxitem":1,"stat.mineBlock.minecraft.torch":8,"stat.mineBlock.minecraft.furnace":4,"stat.mineBlock.minecraft.red_flower":2,"stat.dispenserInspected":5,"stat.useItem.minecraft.wooden_pickaxe":4,"stat.useItem.harvestcraft.mustardseedsitem":5,"tombstone:undead_killed":14,"stat.pickup.minecraft.potato":3,"stat.pickup.minecraft.oak_stairs":3,"stat.damageDealt":5233,"stat.craftItem.minecraft.glass":14,"stat.pickup.harvestcraft.lettuceitem":1,"stat.drop.midnight.double_lumen_bud":1,"stat.pickup.midnight.raw_suavis":13,"stat.useItem.harvestcraft.onionitem":2,"stat.walkOneCm":172891,"stat.pickup.minecraft.stick":50,"stat.drop.ic2.resource":1,"stat.drop.chisel.marble2":8,"stat.craftItem.minecraft.iron_chestplate":1,"stat.pickup.minecraft.gold_ingot":10,"stat.killEntity.Skeleton":10,"stat.craftItem.travelersbackpack.sleeping_bag_bottom":1,"stat.pickup.harvestcraft.amaranthitem":2,"stat.mineBlock.minecraft.stonebrick":3,"stat.useItem.harvestcraft.parsnipitem":2,"stat.pickup.travelersbackpack.backpack_tank":2,"stat.pickup.harvestcraft.cucumberitem":2,"stat.killEntity.Spider":5,"stat.pickup.harvestcraft.strawberryitem":1,"stat.pickup.minecraft.bread":4,"stat.mineBlock.waystones.waystone":1,"stat.mineBlock.minecraft.glowstone":4,"stat.mobKills":27,"stat.mineBlock.minecraft.bookshelf":2,"stat.craftItem.midnight.shadowroot_crafting_table":1,"stat.drop.biomesoplenty.dirt":4,"stat.mineBlock.minecraft.leaves":1,"stat.pickup.minecraft.torch":9,"stat.pickup.astralsorcery.blockmarble":1,"stat.useItem.midnight.raw_stag_flank":3,"stat.drop.minecraft.arrow":12,"stat.mineBlock.minecraft.stone":80}