{"stat.pickup.minecraft.rotten_flesh":2,"stat.useItem.minecraft.bow":6,"stat.walkOneCm":11095,"stat.useItem.futuremc.netherite_sword":5,"stat.pickup.minecraft.gravel":1,"stat.damageTaken":95,"stat.useItem.minecraft.gravel":1,"stat.mobKills":3,"stat.drop.ic2.te":1,"stat.mineBlock.minecraft.log":6,"stat.pickup.ic2.te":2,"stat.useItem.minecraft.glowstone":16,"stat.pickup.minecraft.log":6,"stat.useItem.minecraft.golden_apple":4,"stat.flyOneCm":312859,"tombstone:undead_killed":2,"stat.pickup.minecraft.wheat_seeds":1,"stat.drop":1,"stat.jump":493,"stat.swimOneCm":2308,"stat.mineBlock.minecraft.leaves":1,"stat.playOneMinute":18787,"stat.fallOneCm":14308,"stat.pickup.tombstone.crafting_ingredient":2,"stat.sneakTime":410,"stat.damageDealt":500,"stat.pickup.minecraft.porkchop":3,"stat.crouchOneCm":1136,"stat.killEntity.Zombie":2,"stat.pickup.zawa.care_guide":1,"stat.timeSinceDeath":18787,"stat.pickup.minecraft.sapling":2,"stat.pickup.minecraft.dirt":1,"stat.useItem.minecraft.dirt":5,"stat.sprintOneCm":22657,"stat.useItem.minecraft.stone_slab2":1,"stat.killEntity.Pig":1,"stat.mineBlock.minecraft.tallgrass":3,"stat.diveOneCm":5966,"stat.pickup.tombstone.magic_scroll":1}