{"stat.cakeSlicesEaten":3,"stat.craftItem.minecraft.leather_leggings":1,"stat.drop.minecraft.stone_pickaxe":1,"stat.pickup.minecraft.bone":15,"stat.leaveGame":1,"stat.mineBlock.minecraft.cobblestone":44,"stat.pickup.minecraft.flint":7,"stat.pickup.tombstone.familiar_stone":1,"stat.swimOneCm":1460,"stat.pickup.zawa.worm":2,"stat.useItem.minecraft.planks":8,"stat.climbOneCm":66,"stat.drop.chisel.limestone2":12,"stat.drop.minecraft.cobblestone":171,"stat.pickup.minecraft.glowstone_dust":10,"stat.useItem.harvestcraft.strawberryitem":1,"stat.useItem.minecraft.dirt":5,"stat.useItem.minecraft.stone_slab2":31,"stat.pickup.minecraft.bow":1,"stat.useItem.harvestcraft.barleyitem":2,"stat.pickup.zawa.bird_meat":1,"stat.pickup.minecraft.rotten_flesh":12,"stat.useItem.harvestcraft.wintersquashitem":1,"stat.pickup.minecraft.sand":29,"stat.craftItem.minecraft.furnace":3,"stat.craftItem.minecraft.stone_axe":1,"stat.craftItem.minecraft.iron_boots":1,"stat.pickup.minecraft.anvil":2,"stat.craftItem.minecraft.stone_pickaxe":1,"stat.pickup.harvestcraft.wintersquashitem":1,"stat.pickup.minecraft.cobblestone":325,"stat.mineBlock.chisel.limestone2":4,"stat.craftItem.minecraft.stone_sword":1,"stat.flyOneCm":151333,"stat.pickup.minecraft.glass_bottle":1,"stat.mineBlock.minecraft.sand":15,"stat.useItem.chisel.limestone2":1,"stat.drop.minecraft.sand":14,"stat.mineBlock.minecraft.iron_ore":52,"stat.timeSinceDeath":34977,"stat.useItem.harvestcraft.peanutitem":1,"stat.drop.astralsorcery.itemjournal":1,"stat.useItem.minecraft.iron_pickaxe":107,"stat.craftItem.minecraft.wooden_pickaxe":1,"stat.pickup.astralsorcery.itemjournal":1,"stat.mineBlock.biomesoplenty.dirt":3,"stat.drop.minecraft.coal":25,"stat.useItem.zawa.bird_meat":1,"stat.useItem.minecraft.potato":1,"stat.pickup.harvestcraft.onionitem":1,"stat.useItem.harvestcraft.cornitem":2,"stat.mineBlock.chisel.marble2":4,"stat.pickup.minecraft.stonebrick":8,"stat.furnaceInteraction":30,"stat.drop.minecraft.gravel":8,"stat.drop.minecraft.dirt":1,"stat.pickup.harvestcraft.cornitem":2,"stat.mineBlock.minecraft.coal_ore":1,"stat.pickup.minecraft.wooden_sword":1,"stat.drop.minecraft.red_flower":1,"stat.pickup.minecraft.string":2,"stat.craftItem.minecraft.leather_helmet":1,"stat.pickup.minecraft.furnace":2,"stat.pickup.tombstone.crafting_ingredient":4,"stat.mineBlock.harvestcraft.windygarden":5,"stat.craftItem.minecraft.stone_slab2":0,"stat.pickup.minecraft.leather_helmet":2,"stat.useItem.harvestcraft.cucumberitem":1,"stat.pickup.biomesoplenty.flower_1":1,"stat.sprintOneCm":153748,"stat.pickup.minecraft.paper":16,"stat.mineBlock.biomesoplenty.flower_1":1,"stat.craftItem.minecraft.stick":8,"stat.mineBlock.biomesoplenty.grass":1,"stat.pickup.ic2.resource":4,"stat.pickup.minecraft.potion":1,"stat.pickup.harvestcraft.barleyitem":2,"stat.mineBlock.minecraft.crafting_table":2,"stat.useItem.minecraft.wheat":1,"stat.pickup.minecraft.leather_leggings":1,"stat.pickup.harvestcraft.mustardseedsitem":1,"stat.deaths":1,"stat.mineBlock.minecraft.planks":15,"stat.drop":51,"stat.playOneMinute":57697,"stat.useItem.minecraft.wooden_sword":3,"stat.killEntity.Zombie":4,"stat.pickup.zawa.care_guide":1,"stat.pickup.minecraft.iron_bars":2,"stat.drop.minecraft.glass_bottle":1,"stat.drop.minecraft.iron_ingot":60,"stat.pickup.chisel.marble2":12,"stat.mineBlock.minecraft.gold_ore":3,"stat.mineBlock.minecraft.tallgrass":3,"stat.diveOneCm":1868,"stat.pickup.minecraft.wheat":1,"stat.chestOpened":36,"stat.pickup.minecraft.gravel":15,"stat.pickup.minecraft.arrow":8,"stat.mineBlock.minecraft.anvil":1,"stat.useItem.minecraft.apple":6,"stat.drop.minecraft.flint":4,"stat.useItem.minecraft.potion":2,"stat.craftItem.minecraft.coal":2,"stat.pickup.harvestcraft.chilipepperitem":1,"stat.useItem.minecraft.rotten_flesh":8,"stat.craftItem.travelersbackpack.backpack_tank":1,"stat.jump":943,"stat.useItem.minecraft.sand":1,"stat.pickup.minecraft.iron_helmet":1,"stat.pickup.minecraft.coal":34,"stat.pickup.minecraft.iron_ingot":72,"stat.fallOneCm":17434,"stat.useItem.minecraft.stone_axe":31,"stat.crouchOneCm":5579,"stat.useItem.harvestcraft.chilipepperitem":1,"stat.mineBlock.minecraft.chest":1,"stat.pickup.harvestcraft.peanutitem":1,"stat.craftItem.minecraft.iron_ingot":44,"stat.useItem.harvestcraft.bellpepperitem":2,"stat.pickup.minecraft.dirt":10,"stat.pickup.harvestcraft.bellpepperitem":2,"stat.craftingTableInteraction":17,"stat.pickup.minecraft.iron_ore":54,"stat.dropperInspected":3,"stat.mineBlock.minecraft.iron_bars":4,"stat.pickup.minecraft.gold_ore":3,"stat.mineBlock.ic2.resource":3,"stat.brewingstandInteraction":2,"stat.useItem.chisel.marble2":1,"stat.damageTaken":1598,"stat.mineBlock.minecraft.torch":7,"stat.mineBlock.minecraft.furnace":2,"stat.dispenserInspected":5,"stat.useItem.minecraft.wooden_pickaxe":4,"stat.craftItem.minecraft.wooden_sword":1,"stat.mineBlock.biomesoplenty.plant_0":3,"stat.useItem.harvestcraft.mustardseedsitem":1,"stat.pickup.minecraft.planks":10,"stat.pickup.chisel.limestone2":19,"tombstone:undead_killed":14,"stat.pickup.minecraft.potato":1,"stat.pickup.minecraft.oak_stairs":3,"stat.mineBlock.minecraft.gravel":6,"stat.useItem.minecraft.stone_pickaxe":103,"stat.useItem.minecraft.stone_sword":39,"stat.damageDealt":3326,"stat.craftItem.minecraft.glass":11,"stat.useItem.biomesoplenty.berries":11,"stat.mineBlock.minecraft.dirt":8,"stat.useItem.harvestcraft.onionitem":1,"stat.drop.minecraft.paper":8,"stat.walkOneCm":83871,"stat.useItem.minecraft.torch":19,"stat.useItem.minecraft.bread":6,"stat.pickup.minecraft.stick":12,"stat.drop.minecraft.rotten_flesh":4,"stat.pickup.minecraft.crafting_table":2,"stat.useItem.minecraft.log":3,"stat.useItem.minecraft.cobblestone":49,"stat.craftItem.minecraft.crafting_table":1,"stat.useItem.minecraft.gravel":1,"stat.pickup.minecraft.log":18,"stat.useItem.minecraft.cooked_fish":4,"stat.drop.ic2.resource":1,"stat.drop.minecraft.iron_ore":10,"stat.drop.chisel.marble2":8,"stat.craftItem.minecraft.gold_ingot":2,"stat.craftItem.minecraft.iron_chestplate":1,"stat.pickup.minecraft.apple":1,"stat.useItem.minecraft.fireworks":23,"stat.killEntity.Skeleton":10,"stat.mineBlock.minecraft.stonebrick":3,"stat.craftItem.minecraft.planks":36,"stat.useItem.minecraft.iron_sword":31,"stat.pickup.harvestcraft.cucumberitem":1,"stat.killEntity.Spider":2,"stat.pickup.biomesoplenty.berries":11,"stat.pickup.harvestcraft.strawberryitem":1,"stat.mineBlock.minecraft.glowstone":4,"stat.drop.biomesoplenty.flower_1":1,"stat.mobKills":18,"stat.mineBlock.minecraft.log":16,"stat.mineBlock.minecraft.bookshelf":2,"stat.drop.biomesoplenty.dirt":4,"stat.pickup.biomesoplenty.dirt":4,"stat.pickup.minecraft.torch":8,"stat.pickup.minecraft.red_flower":1,"stat.sneakTime":1930,"stat.pickup.astralsorcery.blockmarble":1,"stat.pickup.minecraft.cooked_fish":1,"stat.mineBlock.minecraft.stone":77,"stat.pickup.minecraft.chest":3}