{"stat.mineBlock.midnight.shadowroot_crafting_table":1,"stat.leaveGame":3,"stat.useItem.harvestcraft.amaranthitem":5,"stat.pickup.midnight.raw_stag_flank":3,"stat.pickup.tombstone.familiar_stone":5,"stat.drop.minecraft.enchanted_book":2,"stat.pickup.zawa.worm":2,"stat.useItem.minecraft.planks":8,"stat.pickup.minecraft.glowstone_dust":11,"stat.pickup.oreberries.copper_oreberry_bush":3,"stat.drop.biomesoplenty.berries":2,"stat.pickup.minecraft.rotten_flesh":22,"stat.pickup.minecraft.sand":29,"stat.craftItem.minecraft.stone_axe":1,"stat.pickup.midnight.deceitful_mud":1,"stat.pickup.harvestcraft.wintersquashitem":8,"stat.mineBlock.oreberries.aluminum_oreberry_bush":3,"stat.pickup.midnight.shadowroot_log":2,"stat.craftItem.minecraft.stone_sword":1,"stat.mineBlock.minecraft.emerald_block":13,"stat.pickup.biomesoplenty.mushroom":1,"stat.pickup.midnight.bogshroom_shelf":1,"stat.mineBlock.minecraft.sand":15,"stat.killEntity.Witch":2,"stat.drop.minecraft.sand":14,"stat.pickup.midnight.dark_willow_log":5,"stat.drop.astralsorcery.itemjournal":2,"stat.useItem.minecraft.iron_pickaxe":197,"stat.craftItem.minecraft.wooden_pickaxe":1,"stat.mineBlock.oreberries.copper_oreberry_bush":3,"stat.killEntity.midnight.rifter":7,"stat.pickup.astralsorcery.itemjournal":3,"stat.mineBlock.biomesoplenty.dirt":3,"stat.useItem.zawa.bird_meat":1,"stat.trappedChestTriggered":2,"stat.pickup.harvestcraft.onionitem":2,"stat.mineBlock.chisel.marble2":4,"stat.furnaceInteraction":33,"stat.drop.minecraft.gravel":8,"stat.pickup.harvestcraft.cornitem":3,"stat.drop.minecraft.red_flower":1,"stat.craftItem.minecraft.leather_helmet":1,"stat.craftItem.midnight.dark_willow_planks":4,"stat.pickup.minecraft.furnace":4,"stat.mineBlock.harvestcraft.windygarden":25,"stat.craftItem.travelersbackpack.travelers_backpack":1,"stat.pickup.minecraft.leather_helmet":2,"stat.pickup.biomesoplenty.flower_1":9,"stat.pickup.minecraft.iron_chestplate":1,"stat.pickup.minecraft.potion":5,"stat.useItem.minecraft.wheat_seeds":22,"stat.useItem.biomesoplenty.flower_1":1,"stat.killEntity.Husk":2,"stat.pickup.minecraft.emerald":1,"stat.mineBlock.midnight.suavis":3,"stat.deaths":8,"stat.playOneMinute":163992,"stat.pickup.minecraft.diamond_block":1,"stat.pickup.zawa.care_guide":5,"stat.pickup.minecraft.iron_bars":7,"stat.drop.minecraft.glass_bottle":1,"stat.drop.minecraft.iron_ingot":60,"stat.pickup.chisel.marble2":15,"stat.mineBlock.minecraft.tallgrass":11,"stat.chestOpened":91,"stat.pickup.midnight.dark_willow_sapling":1,"stat.useItem.minecraft.stone":1,"stat.useItem.midnight.raw_suavis":15,"stat.pickup.minecraft.arrow":65,"stat.pickup.minecraft.iron_sword":6,"stat.drop.minecraft.flint":5,"stat.pickup.minecraft.gold_nugget":13,"stat.craftItem.minecraft.coal":2,"stat.pickup.harvestcraft.chilipepperitem":4,"stat.fallOneCm":160429,"stat.mineBlock.midnight.tall_midnight_grass":4,"stat.pickup.minecraft.carrot":13,"stat.crouchOneCm":10659,"stat.useItem.harvestcraft.chilipepperitem":3,"stat.mineBlock.minecraft.chest":4,"stat.craftItem.minecraft.iron_ingot":44,"stat.craftItem.minecraft.chest":2,"stat.useItem.harvestcraft.bellpepperitem":3,"stat.pickup.travelersbackpack.sleeping_bag_bottom":1,"stat.craftingTableInteraction":18,"stat.dropperInspected":3,"stat.useItem.midnight.shadowroot_planks":7,"stat.mineBlock.ic2.resource":3,"stat.useItem.chisel.marble2":1,"stat.craftItem.minecraft.wooden_sword":1,"stat.mineBlock.biomesoplenty.plant_1":1,"stat.mineBlock.biomesoplenty.plant_0":11,"stat.pickup.minecraft.planks":10,"stat.useItem.harvestcraft.lettuceitem":1,"stat.pickup.biomesoplenty.plant_1":1,"stat.pickup.chisel.limestone2":23,"stat.pickup.minecraft.wheat_seeds":39,"stat.mineBlock.biomesoplenty.gem_ore":1,"stat.mineBlock.minecraft.gravel":11,"stat.useItem.minecraft.stone_pickaxe":103,"stat.pickup.waystones.waystone":1,"stat.useItem.minecraft.stone_sword":39,"stat.useItem.biomesoplenty.berries":130,"stat.mineBlock.minecraft.dirt":8,"stat.drop.minecraft.stick":17,"stat.drop.minecraft.paper":8,"stat.useItem.minecraft.torch":49,"stat.useItem.minecraft.bread":14,"stat.pickup.minecraft.brewing_stand":2,"stat.drop.minecraft.rotten_flesh":4,"stat.pickup.minecraft.crafting_table":3,"stat.useItem.minecraft.log":3,"stat.useItem.minecraft.cobblestone":75,"stat.craftItem.minecraft.crafting_table":1,"stat.useItem.minecraft.gravel":1,"stat.pickup.minecraft.log":18,"stat.useItem.minecraft.cooked_fish":4,"stat.drop.minecraft.iron_ore":10,"stat.craftItem.minecraft.gold_ingot":2,"stat.pickup.minecraft.apple":3,"stat.useItem.minecraft.fireworks":23,"stat.pickup.harvestcraft.parsnipitem":4,"stat.craftItem.minecraft.planks":52,"stat.useItem.minecraft.iron_sword":172,"stat.useItem.harvestcraft.artichokeitem":3,"stat.pickup.biomesoplenty.berries":135,"stat.pickup.midnight.rockshroom_clump":38,"stat.drop.biomesoplenty.flower_1":3,"stat.pickup.minecraft.book":4,"stat.mineBlock.minecraft.log":16,"stat.useItem.harvestcraft.elderberryitem":1,"stat.mineBlock.midnight.deceitful_mud":2,"stat.pickup.biomesoplenty.dirt":5,"stat.pickup.minecraft.red_flower":3,"stat.sneakTime":5039,"stat.pickup.minecraft.wool":6,"stat.useItem.minecraft.baked_potato":3,"stat.pickup.minecraft.cooked_fish":1,"stat.pickup.minecraft.chest":6,"stat.cakeSlicesEaten":3,"stat.craftItem.minecraft.leather_leggings":1,"stat.drop.minecraft.stone_pickaxe":1,"stat.pickup.ic2.ingot":4,"stat.pickup.minecraft.bone":46,"stat.useItem.minecraft.mushroom_stew":1,"stat.mineBlock.midnight.miasma_surface":2,"stat.mineBlock.minecraft.cobblestone":51,"stat.entityKilledBy.midnight.rifter":1,"stat.pickup.minecraft.flint":11,"stat.craftItem.tombstone.grave_key":1,"stat.pickup.minecraft.leather_chestplate":1,"stat.craftItem.minecraft.wool":5,"stat.swimOneCm":6912,"stat.mineBlock.minecraft.diamond_block":1,"stat.climbOneCm":1626,"stat.drop.chisel.limestone2":12,"stat.pickup.harvestcraft.artichokeitem":3,"stat.pickup.minecraft.enchanted_book":11,"stat.drop.minecraft.cobblestone":171,"stat.mineBlock.midnight.bogshroom_shelf":1,"stat.useItem.harvestcraft.strawberryitem":1,"stat.useItem.minecraft.dirt":5,"stat.mineBlock.midnight.dark_willow_log":5,"stat.useItem.minecraft.stone_slab2":48,"stat.pickup.minecraft.bow":2,"stat.useItem.harvestcraft.barleyitem":3,"stat.pickup.zawa.bird_meat":1,"stat.pickup.minecraft.iron_boots":1,"stat.useItem.harvestcraft.wintersquashitem":5,"stat.craftItem.minecraft.furnace":3,"stat.pickup.minecraft.golden_axe":1,"stat.craftItem.minecraft.iron_boots":1,"stat.pickup.minecraft.anvil":5,"stat.craftItem.minecraft.stone_pickaxe":1,"stat.pickup.minecraft.cobblestone":476,"stat.mineBlock.chisel.limestone2":4,"stat.flyOneCm":1121465,"stat.pickup.minecraft.glass_bottle":1,"stat.useItem.chisel.limestone2":2,"stat.drop.minecraft.wheat_seeds":17,"stat.mineBlock.minecraft.iron_ore":57,"stat.timeSinceDeath":7390,"stat.useItem.harvestcraft.peanutitem":1,"stat.mineBlock.midnight.double_midnight_grass":3,"stat.pickup.minecraft.mossy_cobblestone":3,"stat.drop.minecraft.coal":25,"stat.mineBlock.midnight.shadowroot_log":2,"stat.useItem.minecraft.potato":2,"stat.useItem.harvestcraft.cornitem":3,"stat.pickup.minecraft.chainmail_helmet":1,"stat.pickup.minecraft.stonebrick":18,"stat.drop.minecraft.dirt":1,"stat.mineBlock.minecraft.coal_ore":1,"stat.drop.minecraft.wool":6,"stat.pickup.minecraft.shield":2,"stat.talkedToVillager":3,"stat.pickup.minecraft.wooden_sword":1,"stat.pickup.minecraft.string":12,"stat.killEntity.midnight.nightstag":1,"stat.pickup.tombstone.crafting_ingredient":5,"stat.craftItem.minecraft.stone_slab2":0,"stat.useItem.minecraft.golden_axe":2,"stat.useItem.harvestcraft.cucumberitem":4,"stat.sprintOneCm":542320,"stat.pickup.minecraft.paper":34,"stat.mineBlock.biomesoplenty.flower_1":16,"stat.pickup.oreberries.aluminum_oreberry_bush":3,"stat.craftItem.minecraft.stick":8,"stat.mineBlock.biomesoplenty.grass":3,"stat.pickup.ic2.resource":4,"stat.entityKilledBy.midnight.hunter":1,"stat.craftItem.midnight.shadowroot_planks":8,"stat.pickup.harvestcraft.barleyitem":4,"stat.pickup.mowziesmobs.barakoa_mask_fear":1,"stat.mineBlock.minecraft.crafting_table":3,"stat.waystones:waystonesActivated":1,"stat.useItem.minecraft.carrot":5,"stat.useItem.minecraft.wheat":27,"stat.pickup.midnight.shadowroot_crafting_table":1,"stat.pickup.minecraft.leather_leggings":1,"stat.pickup.minecraft.sugar":2,"stat.pickup.harvestcraft.mustardseedsitem":7,"stat.mineBlock.minecraft.planks":15,"stat.drop":65,"stat.pickup.midnight.double_lumen_bud":1,"stat.pickup.harvestcraft.flaxitem":3,"stat.mineBlock.midnight.rockshroom":17,"stat.useItem.minecraft.wooden_sword":3,"stat.killEntity.Zombie":13,"stat.craftItem.minecraft.dye":2,"stat.mineBlock.minecraft.gold_ore":8,"stat.diveOneCm":34622,"stat.pickup.minecraft.wheat":27,"stat.mineBlock.minecraft.mossy_cobblestone":1,"stat.pickup.minecraft.gravel":30,"stat.mineBlock.minecraft.anvil":2,"stat.pickup.minecraft.stone_axe":4,"stat.useItem.minecraft.apple":8,"stat.mineBlock.minecraft.deadbush":1,"stat.useItem.minecraft.potion":2,"stat.useItem.minecraft.rotten_flesh":17,"stat.craftItem.travelersbackpack.backpack_tank":2,"stat.jump":4846,"stat.useItem.minecraft.sand":1,"stat.pickup.minecraft.iron_helmet":1,"stat.pickup.minecraft.coal":65,"stat.pickup.minecraft.iron_ingot":163,"stat.useItem.minecraft.stone_axe":38,"stat.pickup.minecraft.gunpowder":1,"stat.pickup.harvestcraft.peanutitem":6,"stat.pickup.minecraft.spider_eye":2,"stat.craftItem.minecraft.torch":20,"stat.pickup.minecraft.dirt":10,"stat.pickup.harvestcraft.bellpepperitem":3,"stat.useItem.minecraft.cooked_chicken":1,"stat.pickup.minecraft.iron_ore":83,"stat.mineBlock.minecraft.iron_bars":10,"stat.pickup.minecraft.gold_ore":7,"stat.pickup.minecraft.iron_axe":1,"stat.brewingstandInteraction":2,"stat.pickup.midnight.miasma_surface":1,"stat.damageTaken":5161,"stat.pickup.minecraft.leather":8,"stat.useItem.harvestcraft.flaxitem":1,"stat.mineBlock.minecraft.torch":11,"stat.mineBlock.minecraft.furnace":4,"stat.mineBlock.minecraft.red_flower":2,"stat.pickup.oreberries.aluminum_oreberry":3,"stat.dispenserInspected":5,"stat.useItem.minecraft.wooden_pickaxe":4,"stat.useItem.harvestcraft.mustardseedsitem":5,"tombstone:undead_killed":30,"stat.useItem.tombstone.grave_key":1,"stat.pickup.minecraft.potato":5,"stat.pickup.minecraft.oak_stairs":3,"stat.pickup.minecraft.emerald_block":13,"stat.entityKilledBy.Zombie":2,"stat.damageDealt":10319,"stat.craftItem.minecraft.glass":14,"stat.pickup.harvestcraft.lettuceitem":2,"stat.drop.midnight.double_lumen_bud":1,"stat.pickup.midnight.raw_suavis":16,"stat.pickup.harvestcraft.elderberryitem":1,"stat.useItem.harvestcraft.onionitem":2,"stat.walkOneCm":243073,"stat.pickup.minecraft.stick":51,"stat.drop.ic2.resource":1,"stat.useItem.tombstone.gift":1,"stat.drop.chisel.marble2":8,"stat.pickup.minecraft.stone":2,"stat.craftItem.minecraft.iron_chestplate":1,"stat.pickup.minecraft.gold_ingot":10,"stat.killEntity.Skeleton":15,"stat.craftItem.travelersbackpack.sleeping_bag_bottom":1,"stat.pickup.harvestcraft.amaranthitem":5,"stat.pickup.biomesoplenty.gem":1,"stat.mineBlock.minecraft.stonebrick":5,"stat.useItem.harvestcraft.parsnipitem":2,"stat.pickup.travelersbackpack.backpack_tank":2,"stat.pickup.harvestcraft.cucumberitem":4,"stat.killEntity.Spider":8,"stat.pickup.harvestcraft.strawberryitem":3,"stat.pickup.minecraft.bread":4,"stat.mineBlock.waystones.waystone":1,"stat.mineBlock.minecraft.glowstone":4,"stat.mobKills":52,"stat.mineBlock.minecraft.bookshelf":3,"stat.craftItem.midnight.shadowroot_crafting_table":1,"stat.drop.biomesoplenty.dirt":4,"stat.mineBlock.minecraft.leaves":1,"stat.pickup.minecraft.torch":13,"stat.pickup.astralsorcery.blockmarble":1,"stat.useItem.midnight.raw_stag_flank":3,"stat.drop.minecraft.arrow":12,"stat.mineBlock.minecraft.stone":87}