{"stat.pickup.minecraft.log":6,"stat.flyOneCm":25226,"stat.walkOneCm":2862,"stat.pickup.minecraft.wheat_seeds":1,"stat.jump":165,"stat.swimOneCm":106,"stat.mineBlock.minecraft.leaves":1,"stat.playOneMinute":7087,"stat.fallOneCm":8272,"stat.sneakTime":117,"stat.damageDealt":100,"stat.pickup.minecraft.porkchop":3,"stat.crouchOneCm":576,"stat.pickup.zawa.care_guide":1,"stat.timeSinceDeath":7087,"stat.pickup.minecraft.sapling":2,"stat.sprintOneCm":15319,"stat.mobKills":1,"stat.killEntity.Pig":1,"stat.mineBlock.minecraft.log":6,"stat.mineBlock.minecraft.tallgrass":3,"stat.diveOneCm":352}