{"stat.cakeSlicesEaten":3,"stat.chestOpened":28,"stat.craftItem.minecraft.leather_leggings":1,"stat.pickup.minecraft.bone":14,"stat.leaveGame":1,"stat.pickup.minecraft.gravel":2,"stat.pickup.minecraft.arrow":8,"stat.mineBlock.minecraft.cobblestone":11,"stat.mineBlock.minecraft.anvil":1,"stat.useItem.minecraft.apple":6,"stat.pickup.tombstone.familiar_stone":1,"stat.useItem.minecraft.potion":2,"stat.craftItem.minecraft.coal":2,"stat.pickup.harvestcraft.chilipepperitem":1,"stat.useItem.minecraft.rotten_flesh":4,"stat.jump":662,"stat.pickup.zawa.worm":2,"stat.pickup.minecraft.iron_helmet":1,"stat.pickup.minecraft.coal":2,"stat.fallOneCm":11268,"stat.climbOneCm":66,"stat.useItem.minecraft.planks":8,"stat.pickup.minecraft.iron_ingot":12,"stat.pickup.minecraft.glowstone_dust":10,"stat.useItem.minecraft.stone_axe":29,"stat.useItem.harvestcraft.strawberryitem":1,"stat.crouchOneCm":5071,"stat.useItem.harvestcraft.chilipepperitem":1,"stat.mineBlock.minecraft.chest":1,"stat.pickup.harvestcraft.peanutitem":1,"stat.craftItem.minecraft.iron_ingot":16,"stat.useItem.harvestcraft.bellpepperitem":2,"stat.pickup.minecraft.dirt":10,"stat.useItem.minecraft.dirt":5,"stat.useItem.minecraft.stone_slab2":22,"stat.pickup.minecraft.bow":1,"stat.pickup.harvestcraft.bellpepperitem":2,"stat.useItem.harvestcraft.barleyitem":2,"stat.craftingTableInteraction":13,"stat.pickup.minecraft.iron_ore":37,"stat.pickup.minecraft.rotten_flesh":8,"stat.useItem.harvestcraft.wintersquashitem":1,"stat.dropperInspected":3,"stat.craftItem.minecraft.furnace":1,"stat.mineBlock.minecraft.iron_bars":2,"stat.mineBlock.ic2.resource":1,"stat.craftItem.minecraft.stone_axe":1,"stat.craftItem.minecraft.iron_boots":1,"stat.pickup.minecraft.anvil":2,"stat.damageTaken":1428,"stat.craftItem.minecraft.stone_pickaxe":1,"stat.mineBlock.minecraft.torch":5,"stat.mineBlock.minecraft.furnace":2,"stat.useItem.minecraft.wooden_pickaxe":4,"stat.dispenserInspected":5,"stat.pickup.harvestcraft.wintersquashitem":1,"stat.pickup.minecraft.cobblestone":46,"stat.craftItem.minecraft.wooden_sword":1,"stat.mineBlock.biomesoplenty.plant_0":2,"stat.useItem.harvestcraft.mustardseedsitem":1,"stat.pickup.minecraft.planks":10,"stat.craftItem.minecraft.stone_sword":1,"stat.pickup.chisel.limestone2":1,"stat.flyOneCm":115005,"stat.pickup.minecraft.glass_bottle":1,"tombstone:undead_killed":11,"stat.pickup.minecraft.potato":1,"stat.pickup.minecraft.oak_stairs":3,"stat.mineBlock.minecraft.gravel":2,"stat.useItem.minecraft.stone_pickaxe":98,"stat.useItem.minecraft.stone_sword":39,"stat.damageDealt":2517,"stat.mineBlock.minecraft.iron_ore":37,"stat.timeSinceDeath":22377,"stat.useItem.harvestcraft.peanutitem":1,"stat.drop.astralsorcery.itemjournal":1,"stat.useItem.biomesoplenty.berries":11,"stat.mineBlock.minecraft.dirt":8,"stat.craftItem.minecraft.wooden_pickaxe":1,"stat.useItem.harvestcraft.onionitem":1,"stat.pickup.astralsorcery.itemjournal":1,"stat.walkOneCm":66119,"stat.useItem.minecraft.bread":6,"stat.useItem.minecraft.torch":4,"stat.pickup.minecraft.stick":12,"stat.useItem.minecraft.potato":1,"stat.pickup.harvestcraft.onionitem":1,"stat.useItem.harvestcraft.cornitem":2,"stat.drop.minecraft.rotten_flesh":4,"stat.mineBlock.chisel.marble2":1,"stat.pickup.minecraft.crafting_table":2,"stat.useItem.minecraft.log":3,"stat.useItem.minecraft.cobblestone":14,"stat.pickup.minecraft.stonebrick":8,"stat.craftItem.minecraft.crafting_table":1,"stat.furnaceInteraction":8,"stat.useItem.minecraft.gravel":1,"stat.drop.minecraft.dirt":1,"stat.pickup.harvestcraft.cornitem":2,"stat.pickup.minecraft.wooden_sword":1,"stat.drop.minecraft.red_flower":1,"stat.pickup.minecraft.log":18,"stat.pickup.minecraft.string":1,"stat.craftItem.minecraft.leather_helmet":1,"stat.useItem.minecraft.cooked_fish":4,"stat.pickup.minecraft.furnace":2,"stat.pickup.tombstone.crafting_ingredient":4,"stat.mineBlock.harvestcraft.windygarden":5,"stat.craftItem.minecraft.iron_chestplate":1,"stat.pickup.minecraft.leather_helmet":2,"stat.useItem.harvestcraft.cucumberitem":1,"stat.sprintOneCm":123404,"stat.pickup.minecraft.apple":1,"stat.useItem.minecraft.fireworks":23,"stat.craftItem.minecraft.stick":8,"stat.pickup.ic2.resource":1,"stat.killEntity.Skeleton":9,"stat.mineBlock.minecraft.stonebrick":1,"stat.craftItem.minecraft.planks":16,"stat.useItem.minecraft.iron_sword":16,"stat.pickup.minecraft.potion":1,"stat.pickup.harvestcraft.barleyitem":2,"stat.pickup.harvestcraft.cucumberitem":1,"stat.mineBlock.minecraft.crafting_table":2,"stat.killEntity.Spider":2,"stat.pickup.biomesoplenty.berries":11,"stat.pickup.harvestcraft.strawberryitem":1,"stat.mineBlock.minecraft.glowstone":4,"stat.useItem.minecraft.wheat":1,"stat.mobKills":13,"stat.pickup.minecraft.leather_leggings":1,"stat.mineBlock.minecraft.log":16,"stat.pickup.harvestcraft.mustardseedsitem":1,"stat.deaths":1,"stat.mineBlock.minecraft.planks":15,"stat.drop":7,"stat.playOneMinute":45097,"stat.useItem.minecraft.wooden_sword":3,"stat.pickup.minecraft.torch":6,"stat.pickup.minecraft.red_flower":1,"stat.sneakTime":1740,"stat.pickup.astralsorcery.blockmarble":1,"stat.killEntity.Zombie":2,"stat.pickup.zawa.care_guide":1,"stat.pickup.minecraft.iron_bars":2,"stat.pickup.minecraft.cooked_fish":1,"stat.drop.minecraft.glass_bottle":1,"stat.mineBlock.minecraft.stone":35,"stat.pickup.chisel.marble2":2,"stat.mineBlock.minecraft.tallgrass":2,"stat.pickup.minecraft.chest":3,"stat.pickup.minecraft.wheat":1}